"site","replica","cover","subregion","region","chl_mean","sst_mean","fwd_mean","wf_log","rugosity","inclinacao","easting","northing","distance_S","str_size","str_ab"
"Almada",1,0.64,"Ubatuba","SW-NE",3.641,25.162,0.615,2.59735,1.168,27.6833333333333,511310.39550266,7416730.48433639,216.85013,24.7888888888889,9
"Almada",2,0.36,"Ubatuba","SW-NE",3.641,25.162,0.615,2.59735,1.168,27.6833333333333,511310.39550266,7416730.48433639,216.85013,24.7888888888889,9
"Almada",3,0.56,"Ubatuba","SW-NE",3.641,25.162,0.615,2.59735,1.168,27.6833333333333,511310.39550266,7416730.48433639,216.85013,24.7888888888889,9
"Almada",4,0.43,"Ubatuba","SW-NE",3.641,25.162,0.615,2.59735,1.168,27.6833333333333,511310.39550266,7416730.48433639,216.85013,24.7888888888889,9
"Almada",5,0.52,"Ubatuba","SW-NE",3.641,25.162,0.615,2.59735,1.168,27.6833333333333,511310.39550266,7416730.48433639,216.85013,24.7888888888889,9
"Almada",6,0.49,"Ubatuba","SW-NE",3.641,25.162,0.615,2.59735,1.168,27.6833333333333,511310.39550266,7416730.48433639,216.85013,24.7888888888889,9
"Almada",7,0.45,"Ubatuba","SW-NE",3.641,25.162,0.615,2.59735,1.168,27.6833333333333,511310.39550266,7416730.48433639,216.85013,24.7888888888889,9
"Almada",8,0.64,"Ubatuba","SW-NE",3.641,25.162,0.615,2.59735,1.168,27.6833333333333,511310.39550266,7416730.48433639,216.85013,24.7888888888889,9
"Almada",9,0.23,"Ubatuba","SW-NE",3.641,25.162,0.615,2.59735,1.168,27.6833333333333,511310.39550266,7416730.48433639,216.85013,24.7888888888889,9
"Almada",10,0.56,"Ubatuba","SW-NE",3.641,25.162,0.615,2.59735,1.168,27.6833333333333,511310.39550266,7416730.48433639,216.85013,24.7888888888889,9
"Arpoador",1,0.73,"MRRJ","W-E",5.985,24.305,0.675,4.140668,1.245,33.65,685372.347068603,7456388.95843599,392.909085,19.9693103448276,34
"Arpoador",2,0.75,"MRRJ","W-E",5.985,24.305,0.675,4.140668,1.245,33.65,685372.347068603,7456388.95843599,392.909085,19.9693103448276,34
"Arpoador",3,0.86,"MRRJ","W-E",5.985,24.305,0.675,4.140668,1.245,33.65,685372.347068603,7456388.95843599,392.909085,19.9693103448276,34
"Arpoador",4,0.89,"MRRJ","W-E",5.985,24.305,0.675,4.140668,1.245,33.65,685372.347068603,7456388.95843599,392.909085,19.9693103448276,34
"Arpoador",5,0.77,"MRRJ","W-E",5.985,24.305,0.675,4.140668,1.245,33.65,685372.347068603,7456388.95843599,392.909085,19.9693103448276,34
"Arpoador",6,0.94,"MRRJ","W-E",5.985,24.305,0.675,4.140668,1.245,33.65,685372.347068603,7456388.95843599,392.909085,19.9693103448276,34
"Arpoador",7,1,"MRRJ","W-E",5.985,24.305,0.675,4.140668,1.245,33.65,685372.347068603,7456388.95843599,392.909085,19.9693103448276,34
"Arpoador",8,0.98,"MRRJ","W-E",5.985,24.305,0.675,4.140668,1.245,33.65,685372.347068603,7456388.95843599,392.909085,19.9693103448276,34
"Arpoador",9,0.8,"MRRJ","W-E",5.985,24.305,0.675,4.140668,1.245,33.65,685372.347068603,7456388.95843599,392.909085,19.9693103448276,34
"Arpoador",10,0.57,"MRRJ","W-E",5.985,24.305,0.675,4.140668,1.245,33.65,685372.347068603,7456388.95843599,392.909085,19.9693103448276,34
"Astúrias",1,0.71,"MRBS","SW-NE",5.767,25.399,0.949,3.6317,1.413,17.05,371222.105421394,7344123.83398171,59.233413,16.6850581395349,NA
"Astúrias",2,0.99,"MRBS","SW-NE",5.767,25.399,0.949,3.6317,1.413,17.05,371222.105421394,7344123.83398171,59.233413,16.6850581395349,NA
"Astúrias",3,0.83,"MRBS","SW-NE",5.767,25.399,0.949,3.6317,1.413,17.05,371222.105421394,7344123.83398171,59.233413,16.6850581395349,NA
"Astúrias",4,0.75,"MRBS","SW-NE",5.767,25.399,0.949,3.6317,1.413,17.05,371222.105421394,7344123.83398171,59.233413,16.6850581395349,NA
"Astúrias",5,0.99,"MRBS","SW-NE",5.767,25.399,0.949,3.6317,1.413,17.05,371222.105421394,7344123.83398171,59.233413,16.6850581395349,NA
"Astúrias",6,0.87,"MRBS","SW-NE",5.767,25.399,0.949,3.6317,1.413,17.05,371222.105421394,7344123.83398171,59.233413,16.6850581395349,NA
"Astúrias",7,0.82,"MRBS","SW-NE",5.767,25.399,0.949,3.6317,1.413,17.05,371222.105421394,7344123.83398171,59.233413,16.6850581395349,NA
"Astúrias",8,0.76,"MRBS","SW-NE",5.767,25.399,0.949,3.6317,1.413,17.05,371222.105421394,7344123.83398171,59.233413,16.6850581395349,NA
"Astúrias",9,NA,"MRBS","SW-NE",5.767,25.399,0.949,3.6317,1.413,17.05,371222.105421394,7344123.83398171,59.233413,16.6850581395349,NA
"Astúrias",10,NA,"MRBS","SW-NE",5.767,25.399,0.949,3.6317,1.413,17.05,371222.105421394,7344123.83398171,59.233413,16.6850581395349,NA
"Atalaia",1,0.24,"LRRJ","W-E",2.671,23.13,0.566,3.332353,1.167,28,806552.061675709,7454866.80522792,508.051757,32.8596774193548,31
"Atalaia",2,0.03,"LRRJ","W-E",2.671,23.13,0.566,3.332353,1.167,28,806552.061675709,7454866.80522792,508.051757,32.8596774193548,31
"Atalaia",3,0.04,"LRRJ","W-E",2.671,23.13,0.566,3.332353,1.167,28,806552.061675709,7454866.80522792,508.051757,32.8596774193548,31
"Atalaia",4,0.11,"LRRJ","W-E",2.671,23.13,0.566,3.332353,1.167,28,806552.061675709,7454866.80522792,508.051757,32.8596774193548,31
"Atalaia",5,0.06,"LRRJ","W-E",2.671,23.13,0.566,3.332353,1.167,28,806552.061675709,7454866.80522792,508.051757,32.8596774193548,31
"Atalaia",6,0.18,"LRRJ","W-E",2.671,23.13,0.566,3.332353,1.167,28,806552.061675709,7454866.80522792,508.051757,32.8596774193548,31
"Atalaia",7,0.21,"LRRJ","W-E",2.671,23.13,0.566,3.332353,1.167,28,806552.061675709,7454866.80522792,508.051757,32.8596774193548,31
"Atalaia",8,0.12,"LRRJ","W-E",2.671,23.13,0.566,3.332353,1.167,28,806552.061675709,7454866.80522792,508.051757,32.8596774193548,31
"Atalaia",9,0.07,"LRRJ","W-E",2.671,23.13,0.566,3.332353,1.167,28,806552.061675709,7454866.80522792,508.051757,32.8596774193548,31
"Atalaia",10,0.02,"LRRJ","W-E",2.671,23.13,0.566,3.332353,1.167,28,806552.061675709,7454866.80522792,508.051757,32.8596774193548,31
"Baleeiro",1,0,"SSCh","SW-NE",5.303,25.073,0.603,3.412781,1.221,13.8,456852.68467727,7364640.55053559,146.96079,32.6075,4
"Baleeiro",2,0,"SSCh","SW-NE",5.303,25.073,0.603,3.412781,1.221,13.8,456852.68467727,7364640.55053559,146.96079,32.6075,4
"Baleeiro",3,0,"SSCh","SW-NE",5.303,25.073,0.603,3.412781,1.221,13.8,456852.68467727,7364640.55053559,146.96079,32.6075,4
"Baleeiro",4,0,"SSCh","SW-NE",5.303,25.073,0.603,3.412781,1.221,13.8,456852.68467727,7364640.55053559,146.96079,32.6075,4
"Baleeiro",5,0,"SSCh","SW-NE",5.303,25.073,0.603,3.412781,1.221,13.8,456852.68467727,7364640.55053559,146.96079,32.6075,4
"Baleeiro",6,0,"SSCh","SW-NE",5.303,25.073,0.603,3.412781,1.221,13.8,456852.68467727,7364640.55053559,146.96079,32.6075,4
"Baleeiro",7,0,"SSCh","SW-NE",5.303,25.073,0.603,3.412781,1.221,13.8,456852.68467727,7364640.55053559,146.96079,32.6075,4
"Baleeiro",8,0,"SSCh","SW-NE",5.303,25.073,0.603,3.412781,1.221,13.8,456852.68467727,7364640.55053559,146.96079,32.6075,4
"Baleeiro",9,0,"SSCh","SW-NE",5.303,25.073,0.603,3.412781,1.221,13.8,456852.68467727,7364640.55053559,146.96079,32.6075,4
"Baleeiro",10,0,"SSCh","SW-NE",5.303,25.073,0.603,3.412781,1.221,13.8,456852.68467727,7364640.55053559,146.96079,32.6075,4
"Bravinha",1,0.87,"Ubatuba","SW-NE",4.057,26.17,0.747,2.940125,1.318,29.8,482355.901014818,7400392.88158966,183.669796,25.6928571428571,17
"Bravinha",2,0.64,"Ubatuba","SW-NE",4.057,26.17,0.747,2.940125,1.318,29.8,482355.901014818,7400392.88158966,183.669796,25.6928571428571,17
"Bravinha",3,0.53,"Ubatuba","SW-NE",4.057,26.17,0.747,2.940125,1.318,29.8,482355.901014818,7400392.88158966,183.669796,25.6928571428571,17
"Bravinha",4,0.36,"Ubatuba","SW-NE",4.057,26.17,0.747,2.940125,1.318,29.8,482355.901014818,7400392.88158966,183.669796,25.6928571428571,17
"Bravinha",5,0.73,"Ubatuba","SW-NE",4.057,26.17,0.747,2.940125,1.318,29.8,482355.901014818,7400392.88158966,183.669796,25.6928571428571,17
"Bravinha",6,0.05,"Ubatuba","SW-NE",4.057,26.17,0.747,2.940125,1.318,29.8,482355.901014818,7400392.88158966,183.669796,25.6928571428571,17
"Bravinha",7,0.23,"Ubatuba","SW-NE",4.057,26.17,0.747,2.940125,1.318,29.8,482355.901014818,7400392.88158966,183.669796,25.6928571428571,17
"Bravinha",8,0.36,"Ubatuba","SW-NE",4.057,26.17,0.747,2.940125,1.318,29.8,482355.901014818,7400392.88158966,183.669796,25.6928571428571,17
"Bravinha",9,0.06,"Ubatuba","SW-NE",4.057,26.17,0.747,2.940125,1.318,29.8,482355.901014818,7400392.88158966,183.669796,25.6928571428571,17
"Bravinha",10,0.09,"Ubatuba","SW-NE",4.057,26.17,0.747,2.940125,1.318,29.8,482355.901014818,7400392.88158966,183.669796,25.6928571428571,17
"Canto do Itaguaí",1,0.95,"MRBS","SW-NE",4.564,25.836,0.72,3.918769,1.146,24.3,410788.461490118,7371875.99822682,106.839389,26.4811764705882,26
"Canto do Itaguaí",2,0.96,"MRBS","SW-NE",4.564,25.836,0.72,3.918769,1.146,24.3,410788.461490118,7371875.99822682,106.839389,26.4811764705882,26
"Canto do Itaguaí",3,0.83,"MRBS","SW-NE",4.564,25.836,0.72,3.918769,1.146,24.3,410788.461490118,7371875.99822682,106.839389,26.4811764705882,26
"Canto do Itaguaí",4,0.98,"MRBS","SW-NE",4.564,25.836,0.72,3.918769,1.146,24.3,410788.461490118,7371875.99822682,106.839389,26.4811764705882,26
"Canto do Itaguaí",5,0.97,"MRBS","SW-NE",4.564,25.836,0.72,3.918769,1.146,24.3,410788.461490118,7371875.99822682,106.839389,26.4811764705882,26
"Canto do Itaguaí",6,0.89,"MRBS","SW-NE",4.564,25.836,0.72,3.918769,1.146,24.3,410788.461490118,7371875.99822682,106.839389,26.4811764705882,26
"Canto do Itaguaí",7,0.95,"MRBS","SW-NE",4.564,25.836,0.72,3.918769,1.146,24.3,410788.461490118,7371875.99822682,106.839389,26.4811764705882,26
"Canto do Itaguaí",8,0.89,"MRBS","SW-NE",4.564,25.836,0.72,3.918769,1.146,24.3,410788.461490118,7371875.99822682,106.839389,26.4811764705882,26
"Canto do Itaguaí",9,0.94,"MRBS","SW-NE",4.564,25.836,0.72,3.918769,1.146,24.3,410788.461490118,7371875.99822682,106.839389,26.4811764705882,26
"Canto do Itaguaí",10,0.89,"MRBS","SW-NE",4.564,25.836,0.72,3.918769,1.146,24.3,410788.461490118,7371875.99822682,106.839389,26.4811764705882,26
"Cibratel",1,0.93,"MRBS","SW-NE",7.127,25.259,0.977,4.079989,1.257,48.8,316145.026398974,7322342.06316073,0,27.2019230769231,4
"Cibratel",2,0.79,"MRBS","SW-NE",7.127,25.259,0.977,4.079989,1.257,48.8,316145.026398974,7322342.06316073,0,27.2019230769231,4
"Cibratel",3,0.81,"MRBS","SW-NE",7.127,25.259,0.977,4.079989,1.257,48.8,316145.026398974,7322342.06316073,0,27.2019230769231,4
"Cibratel",4,0.76,"MRBS","SW-NE",7.127,25.259,0.977,4.079989,1.257,48.8,316145.026398974,7322342.06316073,0,27.2019230769231,4
"Cibratel",5,0.64,"MRBS","SW-NE",7.127,25.259,0.977,4.079989,1.257,48.8,316145.026398974,7322342.06316073,0,27.2019230769231,4
"Cibratel",6,0.55,"MRBS","SW-NE",7.127,25.259,0.977,4.079989,1.257,48.8,316145.026398974,7322342.06316073,0,27.2019230769231,4
"Cibratel",7,0.87,"MRBS","SW-NE",7.127,25.259,0.977,4.079989,1.257,48.8,316145.026398974,7322342.06316073,0,27.2019230769231,4
"Cibratel",8,0.95,"MRBS","SW-NE",7.127,25.259,0.977,4.079989,1.257,48.8,316145.026398974,7322342.06316073,0,27.2019230769231,4
"Cibratel",9,0.75,"MRBS","SW-NE",7.127,25.259,0.977,4.079989,1.257,48.8,316145.026398974,7322342.06316073,0,27.2019230769231,4
"Cibratel",10,0.57,"MRBS","SW-NE",7.127,25.259,0.977,4.079989,1.257,48.8,316145.026398974,7322342.06316073,0,27.2019230769231,4
"Cigarras",1,0,"SSCh","SW-NE",4.541,25.453,0.815,3.317324,1.41,44,459437.552488032,7375777.28612367,152.965565,33.33,9
"Cigarras",2,0,"SSCh","SW-NE",4.541,25.453,0.815,3.317324,1.41,44,459437.552488032,7375777.28612367,152.965565,33.33,9
"Cigarras",3,0,"SSCh","SW-NE",4.541,25.453,0.815,3.317324,1.41,44,459437.552488032,7375777.28612367,152.965565,33.33,9
"Cigarras",4,0,"SSCh","SW-NE",4.541,25.453,0.815,3.317324,1.41,44,459437.552488032,7375777.28612367,152.965565,33.33,9
"Cigarras",5,0,"SSCh","SW-NE",4.541,25.453,0.815,3.317324,1.41,44,459437.552488032,7375777.28612367,152.965565,33.33,9
"Cigarras",6,0,"SSCh","SW-NE",4.541,25.453,0.815,3.317324,1.41,44,459437.552488032,7375777.28612367,152.965565,33.33,9
"Cigarras",7,0,"SSCh","SW-NE",4.541,25.453,0.815,3.317324,1.41,44,459437.552488032,7375777.28612367,152.965565,33.33,9
"Cigarras",8,0,"SSCh","SW-NE",4.541,25.453,0.815,3.317324,1.41,44,459437.552488032,7375777.28612367,152.965565,33.33,9
"Cigarras",9,0,"SSCh","SW-NE",4.541,25.453,0.815,3.317324,1.41,44,459437.552488032,7375777.28612367,152.965565,33.33,9
"Cigarras",10,0,"SSCh","SW-NE",4.541,25.453,0.815,3.317324,1.41,44,459437.552488032,7375777.28612367,152.965565,33.33,9
"Clubmed",1,0.08,"SCRJ","W-E",7.681,25.239,0.681,3.471664,1.233,56.0666666666667,592656.557871488,7456412.68559467,307.391311,30.0344444444444,29
"Clubmed",2,0.13,"SCRJ","W-E",7.681,25.239,0.681,3.471664,1.233,56.0666666666667,592656.557871488,7456412.68559467,307.391311,30.0344444444444,29
"Clubmed",3,0.79,"SCRJ","W-E",7.681,25.239,0.681,3.471664,1.233,56.0666666666667,592656.557871488,7456412.68559467,307.391311,30.0344444444444,29
"Clubmed",4,0.64,"SCRJ","W-E",7.681,25.239,0.681,3.471664,1.233,56.0666666666667,592656.557871488,7456412.68559467,307.391311,30.0344444444444,29
"Clubmed",5,0.02,"SCRJ","W-E",7.681,25.239,0.681,3.471664,1.233,56.0666666666667,592656.557871488,7456412.68559467,307.391311,30.0344444444444,29
"Clubmed",6,0,"SCRJ","W-E",7.681,25.239,0.681,3.471664,1.233,56.0666666666667,592656.557871488,7456412.68559467,307.391311,30.0344444444444,29
"Clubmed",7,0.05,"SCRJ","W-E",7.681,25.239,0.681,3.471664,1.233,56.0666666666667,592656.557871488,7456412.68559467,307.391311,30.0344444444444,29
"Clubmed",8,0,"SCRJ","W-E",7.681,25.239,0.681,3.471664,1.233,56.0666666666667,592656.557871488,7456412.68559467,307.391311,30.0344444444444,29
"Clubmed",9,0,"SCRJ","W-E",7.681,25.239,0.681,3.471664,1.233,56.0666666666667,592656.557871488,7456412.68559467,307.391311,30.0344444444444,29
"Clubmed",10,0,"SCRJ","W-E",7.681,25.239,0.681,3.471664,1.233,56.0666666666667,592656.557871488,7456412.68559467,307.391311,30.0344444444444,29
"Conchas",1,0.18,"LRRJ","W-E",2.968,23.164,0.658,3.933147,1.44,29.95,809834.09627174,7467893.51121468,514.749644,31.3214814814815,14
"Conchas",2,0.31,"LRRJ","W-E",2.968,23.164,0.658,3.933147,1.44,29.95,809834.09627174,7467893.51121468,514.749644,31.3214814814815,14
"Conchas",3,0.57,"LRRJ","W-E",2.968,23.164,0.658,3.933147,1.44,29.95,809834.09627174,7467893.51121468,514.749644,31.3214814814815,14
"Conchas",4,0.45,"LRRJ","W-E",2.968,23.164,0.658,3.933147,1.44,29.95,809834.09627174,7467893.51121468,514.749644,31.3214814814815,14
"Conchas",5,0.3,"LRRJ","W-E",2.968,23.164,0.658,3.933147,1.44,29.95,809834.09627174,7467893.51121468,514.749644,31.3214814814815,14
"Conchas",6,0.43,"LRRJ","W-E",2.968,23.164,0.658,3.933147,1.44,29.95,809834.09627174,7467893.51121468,514.749644,31.3214814814815,14
"Conchas",7,0.51,"LRRJ","W-E",2.968,23.164,0.658,3.933147,1.44,29.95,809834.09627174,7467893.51121468,514.749644,31.3214814814815,14
"Conchas",8,0.55,"LRRJ","W-E",2.968,23.164,0.658,3.933147,1.44,29.95,809834.09627174,7467893.51121468,514.749644,31.3214814814815,14
"Conchas",9,0.46,"LRRJ","W-E",2.968,23.164,0.658,3.933147,1.44,29.95,809834.09627174,7467893.51121468,514.749644,31.3214814814815,14
"Conchas",10,0.33,"LRRJ","W-E",2.968,23.164,0.658,3.933147,1.44,29.95,809834.09627174,7467893.51121468,514.749644,31.3214814814815,14
"Coqueiro",1,0.94,"SCRJ","W-E",6.348,26.081,0.52,3.70529,1.082,11.45,545783.691782831,7452294.54211676,263.934698,20.4419565217391,22
"Coqueiro",2,0.69,"SCRJ","W-E",6.348,26.081,0.52,3.70529,1.082,11.45,545783.691782831,7452294.54211676,263.934698,20.4419565217391,22
"Coqueiro",3,0.77,"SCRJ","W-E",6.348,26.081,0.52,3.70529,1.082,11.45,545783.691782831,7452294.54211676,263.934698,20.4419565217391,22
"Coqueiro",4,0.66,"SCRJ","W-E",6.348,26.081,0.52,3.70529,1.082,11.45,545783.691782831,7452294.54211676,263.934698,20.4419565217391,22
"Coqueiro",5,0.64,"SCRJ","W-E",6.348,26.081,0.52,3.70529,1.082,11.45,545783.691782831,7452294.54211676,263.934698,20.4419565217391,22
"Coqueiro",6,0.66,"SCRJ","W-E",6.348,26.081,0.52,3.70529,1.082,11.45,545783.691782831,7452294.54211676,263.934698,20.4419565217391,22
"Coqueiro",7,0.63,"SCRJ","W-E",6.348,26.081,0.52,3.70529,1.082,11.45,545783.691782831,7452294.54211676,263.934698,20.4419565217391,22
"Coqueiro",8,0.47,"SCRJ","W-E",6.348,26.081,0.52,3.70529,1.082,11.45,545783.691782831,7452294.54211676,263.934698,20.4419565217391,22
"Coqueiro",9,0.42,"SCRJ","W-E",6.348,26.081,0.52,3.70529,1.082,11.45,545783.691782831,7452294.54211676,263.934698,20.4419565217391,22
"Coqueiro",10,0.65,"SCRJ","W-E",6.348,26.081,0.52,3.70529,1.082,11.45,545783.691782831,7452294.54211676,263.934698,20.4419565217391,22
"Éden",1,0.9,"MRBS","SW-NE",4.568,25.402,0.859,3.90032,1.312,39.95,379312.823630726,7346733.52484407,67.720886,19.3572413793103,2
"Éden",2,0.86,"MRBS","SW-NE",4.568,25.402,0.859,3.90032,1.312,39.95,379312.823630726,7346733.52484407,67.720886,19.3572413793103,2
"Éden",3,0.79,"MRBS","SW-NE",4.568,25.402,0.859,3.90032,1.312,39.95,379312.823630726,7346733.52484407,67.720886,19.3572413793103,2
"Éden",4,0.88,"MRBS","SW-NE",4.568,25.402,0.859,3.90032,1.312,39.95,379312.823630726,7346733.52484407,67.720886,19.3572413793103,2
"Éden",5,0.85,"MRBS","SW-NE",4.568,25.402,0.859,3.90032,1.312,39.95,379312.823630726,7346733.52484407,67.720886,19.3572413793103,2
"Éden",6,0.9,"MRBS","SW-NE",4.568,25.402,0.859,3.90032,1.312,39.95,379312.823630726,7346733.52484407,67.720886,19.3572413793103,2
"Éden",7,0.58,"MRBS","SW-NE",4.568,25.402,0.859,3.90032,1.312,39.95,379312.823630726,7346733.52484407,67.720886,19.3572413793103,2
"Éden",8,0.62,"MRBS","SW-NE",4.568,25.402,0.859,3.90032,1.312,39.95,379312.823630726,7346733.52484407,67.720886,19.3572413793103,2
"Éden",9,0.8,"MRBS","SW-NE",4.568,25.402,0.859,3.90032,1.312,39.95,379312.823630726,7346733.52484407,67.720886,19.3572413793103,2
"Éden",10,0.77,"MRBS","SW-NE",4.568,25.402,0.859,3.90032,1.312,39.95,379312.823630726,7346733.52484407,67.720886,19.3572413793103,2
"Engenho",1,0.59,"MRBS","SW-NE",4.549,25.266,0.747,3.88428,1.233,33.15,420138.500664975,7371509.81272969,115.050943,25.8892857142857,1
"Engenho",2,0.8,"MRBS","SW-NE",4.549,25.266,0.747,3.88428,1.233,33.15,420138.500664975,7371509.81272969,115.050943,25.8892857142857,1
"Engenho",3,0.67,"MRBS","SW-NE",4.549,25.266,0.747,3.88428,1.233,33.15,420138.500664975,7371509.81272969,115.050943,25.8892857142857,1
"Engenho",4,0.15,"MRBS","SW-NE",4.549,25.266,0.747,3.88428,1.233,33.15,420138.500664975,7371509.81272969,115.050943,25.8892857142857,1
"Engenho",5,0.68,"MRBS","SW-NE",4.549,25.266,0.747,3.88428,1.233,33.15,420138.500664975,7371509.81272969,115.050943,25.8892857142857,1
"Engenho",6,0.63,"MRBS","SW-NE",4.549,25.266,0.747,3.88428,1.233,33.15,420138.500664975,7371509.81272969,115.050943,25.8892857142857,1
"Engenho",7,0.65,"MRBS","SW-NE",4.549,25.266,0.747,3.88428,1.233,33.15,420138.500664975,7371509.81272969,115.050943,25.8892857142857,1
"Engenho",8,0.61,"MRBS","SW-NE",4.549,25.266,0.747,3.88428,1.233,33.15,420138.500664975,7371509.81272969,115.050943,25.8892857142857,1
"Engenho",9,0.79,"MRBS","SW-NE",4.549,25.266,0.747,3.88428,1.233,33.15,420138.500664975,7371509.81272969,115.050943,25.8892857142857,1
"Engenho",10,0.93,"MRBS","SW-NE",4.549,25.266,0.747,3.88428,1.233,33.15,420138.500664975,7371509.81272969,115.050943,25.8892857142857,1
"Enseada (Guarujá)",1,0.82,"MRBS","SW-NE",6.934,25.436,0.922,3.91065,1.044,12.4,373103.989246484,7345856.00175446,61.627727,21.9681818181818,20
"Enseada (Guarujá)",2,0.86,"MRBS","SW-NE",6.934,25.436,0.922,3.91065,1.044,12.4,373103.989246484,7345856.00175446,61.627727,21.9681818181818,20
"Enseada (Guarujá)",3,0.94,"MRBS","SW-NE",6.934,25.436,0.922,3.91065,1.044,12.4,373103.989246484,7345856.00175446,61.627727,21.9681818181818,20
"Enseada (Guarujá)",4,0.61,"MRBS","SW-NE",6.934,25.436,0.922,3.91065,1.044,12.4,373103.989246484,7345856.00175446,61.627727,21.9681818181818,20
"Enseada (Guarujá)",5,1,"MRBS","SW-NE",6.934,25.436,0.922,3.91065,1.044,12.4,373103.989246484,7345856.00175446,61.627727,21.9681818181818,20
"Enseada (Guarujá)",6,1,"MRBS","SW-NE",6.934,25.436,0.922,3.91065,1.044,12.4,373103.989246484,7345856.00175446,61.627727,21.9681818181818,20
"Enseada (Guarujá)",7,1,"MRBS","SW-NE",6.934,25.436,0.922,3.91065,1.044,12.4,373103.989246484,7345856.00175446,61.627727,21.9681818181818,20
"Enseada (Guarujá)",8,1,"MRBS","SW-NE",6.934,25.436,0.922,3.91065,1.044,12.4,373103.989246484,7345856.00175446,61.627727,21.9681818181818,20
"Enseada (Guarujá)",9,0.91,"MRBS","SW-NE",6.934,25.436,0.922,3.91065,1.044,12.4,373103.989246484,7345856.00175446,61.627727,21.9681818181818,20
"Enseada (Guarujá)",10,1,"MRBS","SW-NE",6.934,25.436,0.922,3.91065,1.044,12.4,373103.989246484,7345856.00175446,61.627727,21.9681818181818,20
"Enseada (Ubatuba)",1,0,"Ubatuba","SW-NE",2.114,25.484,0.673,2.94718,1.034,71.3,491415.47511152,7401023.1555529,192.16973,NA,NA
"Enseada (Ubatuba)",2,0,"Ubatuba","SW-NE",2.114,25.484,0.673,2.94718,1.034,71.3,491415.47511152,7401023.1555529,192.16973,NA,NA
"Enseada (Ubatuba)",3,0,"Ubatuba","SW-NE",2.114,25.484,0.673,2.94718,1.034,71.3,491415.47511152,7401023.1555529,192.16973,NA,NA
"Enseada (Ubatuba)",4,0,"Ubatuba","SW-NE",2.114,25.484,0.673,2.94718,1.034,71.3,491415.47511152,7401023.1555529,192.16973,NA,NA
"Enseada (Ubatuba)",5,0,"Ubatuba","SW-NE",2.114,25.484,0.673,2.94718,1.034,71.3,491415.47511152,7401023.1555529,192.16973,NA,NA
"Enseada (Ubatuba)",6,0,"Ubatuba","SW-NE",2.114,25.484,0.673,2.94718,1.034,71.3,491415.47511152,7401023.1555529,192.16973,NA,NA
"Enseada (Ubatuba)",7,0,"Ubatuba","SW-NE",2.114,25.484,0.673,2.94718,1.034,71.3,491415.47511152,7401023.1555529,192.16973,NA,NA
"Enseada (Ubatuba)",8,0,"Ubatuba","SW-NE",2.114,25.484,0.673,2.94718,1.034,71.3,491415.47511152,7401023.1555529,192.16973,NA,NA
"Enseada (Ubatuba)",9,0,"Ubatuba","SW-NE",2.114,25.484,0.673,2.94718,1.034,71.3,491415.47511152,7401023.1555529,192.16973,NA,NA
"Enseada (Ubatuba)",10,0,"Ubatuba","SW-NE",2.114,25.484,0.673,2.94718,1.034,71.3,491415.47511152,7401023.1555529,192.16973,NA,NA
"Félix",1,0,"Ubatuba","SW-NE",2.153,25.028,0.648,3.768971,1.461,19.5,502953.088354905,7413052.47120417,207.721753,NA,NA
"Félix",2,0,"Ubatuba","SW-NE",2.153,25.028,0.648,3.768971,1.461,19.5,502953.088354905,7413052.47120417,207.721753,NA,NA
"Félix",3,0,"Ubatuba","SW-NE",2.153,25.028,0.648,3.768971,1.461,19.5,502953.088354905,7413052.47120417,207.721753,NA,NA
"Félix",4,0,"Ubatuba","SW-NE",2.153,25.028,0.648,3.768971,1.461,19.5,502953.088354905,7413052.47120417,207.721753,NA,NA
"Félix",5,0,"Ubatuba","SW-NE",2.153,25.028,0.648,3.768971,1.461,19.5,502953.088354905,7413052.47120417,207.721753,NA,NA
"Félix",6,0,"Ubatuba","SW-NE",2.153,25.028,0.648,3.768971,1.461,19.5,502953.088354905,7413052.47120417,207.721753,NA,NA
"Félix",7,0,"Ubatuba","SW-NE",2.153,25.028,0.648,3.768971,1.461,19.5,502953.088354905,7413052.47120417,207.721753,NA,NA
"Félix",8,0.03,"Ubatuba","SW-NE",2.153,25.028,0.648,3.768971,1.461,19.5,502953.088354905,7413052.47120417,207.721753,NA,NA
"Félix",9,0,"Ubatuba","SW-NE",2.153,25.028,0.648,3.768971,1.461,19.5,502953.088354905,7413052.47120417,207.721753,NA,NA
"Félix",10,0,"Ubatuba","SW-NE",2.153,25.028,0.648,3.768971,1.461,19.5,502953.088354905,7413052.47120417,207.721753,NA,NA
"Ferradura",1,0.07,"LRRJ","W-E",2.219,23.236,0.7,3.58096,1.242,34.75,820017.319985661,7478434.95422524,527.53921,36.0575,NA
"Ferradura",2,0.32,"LRRJ","W-E",2.219,23.236,0.7,3.58096,1.242,34.75,820017.319985661,7478434.95422524,527.53921,36.0575,NA
"Ferradura",3,0,"LRRJ","W-E",2.219,23.236,0.7,3.58096,1.242,34.75,820017.319985661,7478434.95422524,527.53921,36.0575,NA
"Ferradura",4,0.22,"LRRJ","W-E",2.219,23.236,0.7,3.58096,1.242,34.75,820017.319985661,7478434.95422524,527.53921,36.0575,NA
"Ferradura",5,0.5,"LRRJ","W-E",2.219,23.236,0.7,3.58096,1.242,34.75,820017.319985661,7478434.95422524,527.53921,36.0575,NA
"Ferradura",6,0.3,"LRRJ","W-E",2.219,23.236,0.7,3.58096,1.242,34.75,820017.319985661,7478434.95422524,527.53921,36.0575,NA
"Ferradura",7,0.47,"LRRJ","W-E",2.219,23.236,0.7,3.58096,1.242,34.75,820017.319985661,7478434.95422524,527.53921,36.0575,NA
"Ferradura",8,0.89,"LRRJ","W-E",2.219,23.236,0.7,3.58096,1.242,34.75,820017.319985661,7478434.95422524,527.53921,36.0575,NA
"Ferradura",9,0.34,"LRRJ","W-E",2.219,23.236,0.7,3.58096,1.242,34.75,820017.319985661,7478434.95422524,527.53921,36.0575,NA
"Ferradura",10,0.18,"LRRJ","W-E",2.219,23.236,0.7,3.58096,1.242,34.75,820017.319985661,7478434.95422524,527.53921,36.0575,NA
"Ferradurinha",1,0.05,"LRRJ","W-E",2.335,23.053,0.711,3.898375,1.17,23.5,818450.113688127,7477286.13444884,525.704015,28.28,37
"Ferradurinha",2,0.02,"LRRJ","W-E",2.335,23.053,0.711,3.898375,1.17,23.5,818450.113688127,7477286.13444884,525.704015,28.28,37
"Ferradurinha",3,0.02,"LRRJ","W-E",2.335,23.053,0.711,3.898375,1.17,23.5,818450.113688127,7477286.13444884,525.704015,28.28,37
"Ferradurinha",4,0.01,"LRRJ","W-E",2.335,23.053,0.711,3.898375,1.17,23.5,818450.113688127,7477286.13444884,525.704015,28.28,37
"Ferradurinha",5,0,"LRRJ","W-E",2.335,23.053,0.711,3.898375,1.17,23.5,818450.113688127,7477286.13444884,525.704015,28.28,37
"Ferradurinha",6,0,"LRRJ","W-E",2.335,23.053,0.711,3.898375,1.17,23.5,818450.113688127,7477286.13444884,525.704015,28.28,37
"Ferradurinha",7,0,"LRRJ","W-E",2.335,23.053,0.711,3.898375,1.17,23.5,818450.113688127,7477286.13444884,525.704015,28.28,37
"Ferradurinha",8,0.05,"LRRJ","W-E",2.335,23.053,0.711,3.898375,1.17,23.5,818450.113688127,7477286.13444884,525.704015,28.28,37
"Ferradurinha",9,0.05,"LRRJ","W-E",2.335,23.053,0.711,3.898375,1.17,23.5,818450.113688127,7477286.13444884,525.704015,28.28,37
"Ferradurinha",10,0.06,"LRRJ","W-E",2.335,23.053,0.711,3.898375,1.17,23.5,818450.113688127,7477286.13444884,525.704015,28.28,37
"Forno (Búzios)",1,0,"LRRJ","W-E",2.114,23.243,0.714,3.872193,1.098,20.25,820920.940355113,7479357.10462197,528.674787,25.403023255814,6
"Forno (Búzios)",2,0,"LRRJ","W-E",2.114,23.243,0.714,3.872193,1.098,20.25,820920.940355113,7479357.10462197,528.674787,25.403023255814,6
"Forno (Búzios)",3,0,"LRRJ","W-E",2.114,23.243,0.714,3.872193,1.098,20.25,820920.940355113,7479357.10462197,528.674787,25.403023255814,6
"Forno (Búzios)",4,0,"LRRJ","W-E",2.114,23.243,0.714,3.872193,1.098,20.25,820920.940355113,7479357.10462197,528.674787,25.403023255814,6
"Forno (Búzios)",5,0,"LRRJ","W-E",2.114,23.243,0.714,3.872193,1.098,20.25,820920.940355113,7479357.10462197,528.674787,25.403023255814,6
"Forno (Búzios)",6,0,"LRRJ","W-E",2.114,23.243,0.714,3.872193,1.098,20.25,820920.940355113,7479357.10462197,528.674787,25.403023255814,6
"Forno (Búzios)",7,0,"LRRJ","W-E",2.114,23.243,0.714,3.872193,1.098,20.25,820920.940355113,7479357.10462197,528.674787,25.403023255814,6
"Forno (Búzios)",8,0,"LRRJ","W-E",2.114,23.243,0.714,3.872193,1.098,20.25,820920.940355113,7479357.10462197,528.674787,25.403023255814,6
"Forno (Búzios)",9,0,"LRRJ","W-E",2.114,23.243,0.714,3.872193,1.098,20.25,820920.940355113,7479357.10462197,528.674787,25.403023255814,6
"Forno (Búzios)",10,0,"LRRJ","W-E",2.114,23.243,0.714,3.872193,1.098,20.25,820920.940355113,7479357.10462197,528.674787,25.403023255814,6
"Forte",1,0.21,"LRRJ","W-E",2.517,23.08,0.573,3.402715,1.122,27.55,806998.581462347,7466004.84597339,511.49903,23.3977777777778,7
"Forte",2,0.61,"LRRJ","W-E",2.517,23.08,0.573,3.402715,1.122,27.55,806998.581462347,7466004.84597339,511.49903,23.3977777777778,7
"Forte",3,0.43,"LRRJ","W-E",2.517,23.08,0.573,3.402715,1.122,27.55,806998.581462347,7466004.84597339,511.49903,23.3977777777778,7
"Forte",4,0.43,"LRRJ","W-E",2.517,23.08,0.573,3.402715,1.122,27.55,806998.581462347,7466004.84597339,511.49903,23.3977777777778,7
"Forte",5,0.21,"LRRJ","W-E",2.517,23.08,0.573,3.402715,1.122,27.55,806998.581462347,7466004.84597339,511.49903,23.3977777777778,7
"Forte",6,0.1,"LRRJ","W-E",2.517,23.08,0.573,3.402715,1.122,27.55,806998.581462347,7466004.84597339,511.49903,23.3977777777778,7
"Forte",7,0.15,"LRRJ","W-E",2.517,23.08,0.573,3.402715,1.122,27.55,806998.581462347,7466004.84597339,511.49903,23.3977777777778,7
"Forte",8,0.28,"LRRJ","W-E",2.517,23.08,0.573,3.402715,1.122,27.55,806998.581462347,7466004.84597339,511.49903,23.3977777777778,7
"Forte",9,0.44,"LRRJ","W-E",2.517,23.08,0.573,3.402715,1.122,27.55,806998.581462347,7466004.84597339,511.49903,23.3977777777778,7
"Forte",10,0.29,"LRRJ","W-E",2.517,23.08,0.573,3.402715,1.122,27.55,806998.581462347,7466004.84597339,511.49903,23.3977777777778,7
"Geribá",1,0.04,"LRRJ","W-E",2.419,23.082,0.708,3.797723,1.187,19.15,817896.857892256,7477374.2250044,525.201862,33.0820588235294,10
"Geribá",2,0.13,"LRRJ","W-E",2.419,23.082,0.708,3.797723,1.187,19.15,817896.857892256,7477374.2250044,525.201862,33.0820588235294,10
"Geribá",3,0.05,"LRRJ","W-E",2.419,23.082,0.708,3.797723,1.187,19.15,817896.857892256,7477374.2250044,525.201862,33.0820588235294,10
"Geribá",4,0.04,"LRRJ","W-E",2.419,23.082,0.708,3.797723,1.187,19.15,817896.857892256,7477374.2250044,525.201862,33.0820588235294,10
"Geribá",5,0.05,"LRRJ","W-E",2.419,23.082,0.708,3.797723,1.187,19.15,817896.857892256,7477374.2250044,525.201862,33.0820588235294,10
"Geribá",6,0.04,"LRRJ","W-E",2.419,23.082,0.708,3.797723,1.187,19.15,817896.857892256,7477374.2250044,525.201862,33.0820588235294,10
"Geribá",7,0.04,"LRRJ","W-E",2.419,23.082,0.708,3.797723,1.187,19.15,817896.857892256,7477374.2250044,525.201862,33.0820588235294,10
"Geribá",8,0.02,"LRRJ","W-E",2.419,23.082,0.708,3.797723,1.187,19.15,817896.857892256,7477374.2250044,525.201862,33.0820588235294,10
"Geribá",9,0.03,"LRRJ","W-E",2.419,23.082,0.708,3.797723,1.187,19.15,817896.857892256,7477374.2250044,525.201862,33.0820588235294,10
"Geribá",10,0.01,"LRRJ","W-E",2.419,23.082,0.708,3.797723,1.187,19.15,817896.857892256,7477374.2250044,525.201862,33.0820588235294,10
"Grumari",1,0.64,"MRRJ","W-E",4.66,24.688,0.534,4.04478,1.235,23.8,653597.166033563,7451182.64291227,361.312786,23.3907352941176,0
"Grumari",2,0.93,"MRRJ","W-E",4.66,24.688,0.534,4.04478,1.235,23.8,653597.166033563,7451182.64291227,361.312786,23.3907352941176,0
"Grumari",3,0.59,"MRRJ","W-E",4.66,24.688,0.534,4.04478,1.235,23.8,653597.166033563,7451182.64291227,361.312786,23.3907352941176,0
"Grumari",4,0.53,"MRRJ","W-E",4.66,24.688,0.534,4.04478,1.235,23.8,653597.166033563,7451182.64291227,361.312786,23.3907352941176,0
"Grumari",5,0.33,"MRRJ","W-E",4.66,24.688,0.534,4.04478,1.235,23.8,653597.166033563,7451182.64291227,361.312786,23.3907352941176,0
"Grumari",6,0.8,"MRRJ","W-E",4.66,24.688,0.534,4.04478,1.235,23.8,653597.166033563,7451182.64291227,361.312786,23.3907352941176,0
"Grumari",7,0.88,"MRRJ","W-E",4.66,24.688,0.534,4.04478,1.235,23.8,653597.166033563,7451182.64291227,361.312786,23.3907352941176,0
"Grumari",8,0.65,"MRRJ","W-E",4.66,24.688,0.534,4.04478,1.235,23.8,653597.166033563,7451182.64291227,361.312786,23.3907352941176,0
"Grumari",9,0.61,"MRRJ","W-E",4.66,24.688,0.534,4.04478,1.235,23.8,653597.166033563,7451182.64291227,361.312786,23.3907352941176,0
"Grumari",10,0.15,"MRRJ","W-E",4.66,24.688,0.534,4.04478,1.235,23.8,653597.166033563,7451182.64291227,361.312786,23.3907352941176,0
"Guaecá",1,0.52,"SSCh","SW-NE",4.178,25.878,0.696,3.613756,1.462,38.7,452259.232664395,7365410.29303625,142.796112,28.6716666666667,20
"Guaecá",2,0.88,"SSCh","SW-NE",4.178,25.878,0.696,3.613756,1.462,38.7,452259.232664395,7365410.29303625,142.796112,28.6716666666667,20
"Guaecá",3,0.5,"SSCh","SW-NE",4.178,25.878,0.696,3.613756,1.462,38.7,452259.232664395,7365410.29303625,142.796112,28.6716666666667,20
"Guaecá",4,0.35,"SSCh","SW-NE",4.178,25.878,0.696,3.613756,1.462,38.7,452259.232664395,7365410.29303625,142.796112,28.6716666666667,20
"Guaecá",5,0.38,"SSCh","SW-NE",4.178,25.878,0.696,3.613756,1.462,38.7,452259.232664395,7365410.29303625,142.796112,28.6716666666667,20
"Guaecá",6,0.41,"SSCh","SW-NE",4.178,25.878,0.696,3.613756,1.462,38.7,452259.232664395,7365410.29303625,142.796112,28.6716666666667,20
"Guaecá",7,0.49,"SSCh","SW-NE",4.178,25.878,0.696,3.613756,1.462,38.7,452259.232664395,7365410.29303625,142.796112,28.6716666666667,20
"Guaecá",8,0.55,"SSCh","SW-NE",4.178,25.878,0.696,3.613756,1.462,38.7,452259.232664395,7365410.29303625,142.796112,28.6716666666667,20
"Guaecá",9,0.26,"SSCh","SW-NE",4.178,25.878,0.696,3.613756,1.462,38.7,452259.232664395,7365410.29303625,142.796112,28.6716666666667,20
"Guaecá",10,0.18,"SSCh","SW-NE",4.178,25.878,0.696,3.613756,1.462,38.7,452259.232664395,7365410.29303625,142.796112,28.6716666666667,20
"Guaiúba",1,0.82,"MRBS","SW-NE",12.219,25.538,1.031,3.738743,1.25,31.25,368188.079039868,7343400.7639371,56.14724,29.53,14
"Guaiúba",2,0.86,"MRBS","SW-NE",12.219,25.538,1.031,3.738743,1.25,31.25,368188.079039868,7343400.7639371,56.14724,29.53,14
"Guaiúba",3,0.7,"MRBS","SW-NE",12.219,25.538,1.031,3.738743,1.25,31.25,368188.079039868,7343400.7639371,56.14724,29.53,14
"Guaiúba",4,0.85,"MRBS","SW-NE",12.219,25.538,1.031,3.738743,1.25,31.25,368188.079039868,7343400.7639371,56.14724,29.53,14
"Guaiúba",5,0.59,"MRBS","SW-NE",12.219,25.538,1.031,3.738743,1.25,31.25,368188.079039868,7343400.7639371,56.14724,29.53,14
"Guaiúba",6,0.84,"MRBS","SW-NE",12.219,25.538,1.031,3.738743,1.25,31.25,368188.079039868,7343400.7639371,56.14724,29.53,14
"Guaiúba",7,0.83,"MRBS","SW-NE",12.219,25.538,1.031,3.738743,1.25,31.25,368188.079039868,7343400.7639371,56.14724,29.53,14
"Guaiúba",8,0.98,"MRBS","SW-NE",12.219,25.538,1.031,3.738743,1.25,31.25,368188.079039868,7343400.7639371,56.14724,29.53,14
"Guaiúba",9,0.84,"MRBS","SW-NE",12.219,25.538,1.031,3.738743,1.25,31.25,368188.079039868,7343400.7639371,56.14724,29.53,14
"Guaiúba",10,0.74,"MRBS","SW-NE",12.219,25.538,1.031,3.738743,1.25,31.25,368188.079039868,7343400.7639371,56.14724,29.53,14
"Indaiá",1,0.52,"MRBS","SW-NE",7.51,25.632,0.791,3.992025,1.076,14.35,398035.2776591,7367331.1918856,93.447913,23.027,12
"Indaiá",2,0.05,"MRBS","SW-NE",7.51,25.632,0.791,3.992025,1.076,14.35,398035.2776591,7367331.1918856,93.447913,23.027,12
"Indaiá",3,0.41,"MRBS","SW-NE",7.51,25.632,0.791,3.992025,1.076,14.35,398035.2776591,7367331.1918856,93.447913,23.027,12
"Indaiá",4,0.23,"MRBS","SW-NE",7.51,25.632,0.791,3.992025,1.076,14.35,398035.2776591,7367331.1918856,93.447913,23.027,12
"Indaiá",5,0.3,"MRBS","SW-NE",7.51,25.632,0.791,3.992025,1.076,14.35,398035.2776591,7367331.1918856,93.447913,23.027,12
"Indaiá",6,0.46,"MRBS","SW-NE",7.51,25.632,0.791,3.992025,1.076,14.35,398035.2776591,7367331.1918856,93.447913,23.027,12
"Indaiá",7,0.27,"MRBS","SW-NE",7.51,25.632,0.791,3.992025,1.076,14.35,398035.2776591,7367331.1918856,93.447913,23.027,12
"Indaiá",8,0.37,"MRBS","SW-NE",7.51,25.632,0.791,3.992025,1.076,14.35,398035.2776591,7367331.1918856,93.447913,23.027,12
"Indaiá",9,0.45,"MRBS","SW-NE",7.51,25.632,0.791,3.992025,1.076,14.35,398035.2776591,7367331.1918856,93.447913,23.027,12
"Indaiá",10,0.52,"MRBS","SW-NE",7.51,25.632,0.791,3.992025,1.076,14.35,398035.2776591,7367331.1918856,93.447913,23.027,12
"Iporanga",1,0.68,"MRBS","SW-NE",4.891,25.326,0.859,4.072367,1.073,15.7,383162.19479301,7355811.39630028,74.918631,25.0234090909091,12
"Iporanga",2,0.88,"MRBS","SW-NE",4.891,25.326,0.859,4.072367,1.073,15.7,383162.19479301,7355811.39630028,74.918631,25.0234090909091,12
"Iporanga",3,0.94,"MRBS","SW-NE",4.891,25.326,0.859,4.072367,1.073,15.7,383162.19479301,7355811.39630028,74.918631,25.0234090909091,12
"Iporanga",4,0.83,"MRBS","SW-NE",4.891,25.326,0.859,4.072367,1.073,15.7,383162.19479301,7355811.39630028,74.918631,25.0234090909091,12
"Iporanga",5,0.98,"MRBS","SW-NE",4.891,25.326,0.859,4.072367,1.073,15.7,383162.19479301,7355811.39630028,74.918631,25.0234090909091,12
"Iporanga",6,0.83,"MRBS","SW-NE",4.891,25.326,0.859,4.072367,1.073,15.7,383162.19479301,7355811.39630028,74.918631,25.0234090909091,12
"Iporanga",7,0.96,"MRBS","SW-NE",4.891,25.326,0.859,4.072367,1.073,15.7,383162.19479301,7355811.39630028,74.918631,25.0234090909091,12
"Iporanga",8,0.82,"MRBS","SW-NE",4.891,25.326,0.859,4.072367,1.073,15.7,383162.19479301,7355811.39630028,74.918631,25.0234090909091,12
"Iporanga",9,0.75,"MRBS","SW-NE",4.891,25.326,0.859,4.072367,1.073,15.7,383162.19479301,7355811.39630028,74.918631,25.0234090909091,12
"Iporanga",10,0.91,"MRBS","SW-NE",4.891,25.326,0.859,4.072367,1.073,15.7,383162.19479301,7355811.39630028,74.918631,25.0234090909091,12
"Itaguá",1,0,"Ubatuba","SW-NE",3.166,25.618,0.743,3.25785,1.541,56.15,495451.762627341,7406670.99067172,198.1981,NA,NA
"Itaguá",2,0,"Ubatuba","SW-NE",3.166,25.618,0.743,3.25785,1.541,56.15,495451.762627341,7406670.99067172,198.1981,NA,NA
"Itaguá",3,0,"Ubatuba","SW-NE",3.166,25.618,0.743,3.25785,1.541,56.15,495451.762627341,7406670.99067172,198.1981,NA,NA
"Itaguá",4,0,"Ubatuba","SW-NE",3.166,25.618,0.743,3.25785,1.541,56.15,495451.762627341,7406670.99067172,198.1981,NA,NA
"Itaguá",5,0,"Ubatuba","SW-NE",3.166,25.618,0.743,3.25785,1.541,56.15,495451.762627341,7406670.99067172,198.1981,NA,NA
"Itaguá",6,0,"Ubatuba","SW-NE",3.166,25.618,0.743,3.25785,1.541,56.15,495451.762627341,7406670.99067172,198.1981,NA,NA
"Itaguá",7,0,"Ubatuba","SW-NE",3.166,25.618,0.743,3.25785,1.541,56.15,495451.762627341,7406670.99067172,198.1981,NA,NA
"Itaguá",8,0,"Ubatuba","SW-NE",3.166,25.618,0.743,3.25785,1.541,56.15,495451.762627341,7406670.99067172,198.1981,NA,NA
"Itaguá",9,0,"Ubatuba","SW-NE",3.166,25.618,0.743,3.25785,1.541,56.15,495451.762627341,7406670.99067172,198.1981,NA,NA
"Itaguá",10,0,"Ubatuba","SW-NE",3.166,25.618,0.743,3.25785,1.541,56.15,495451.762627341,7406670.99067172,198.1981,NA,NA
"Itaipu",1,0.15,"MRRJ","W-E",8.427,24.002,0.989,3.32882,1.056,14.6,700162.836817555,7458040.28462842,407.388956,35.0139024390244,16
"Itaipu",2,0.14,"MRRJ","W-E",8.427,24.002,0.989,3.32882,1.056,14.6,700162.836817555,7458040.28462842,407.388956,35.0139024390244,16
"Itaipu",3,0.68,"MRRJ","W-E",8.427,24.002,0.989,3.32882,1.056,14.6,700162.836817555,7458040.28462842,407.388956,35.0139024390244,16
"Itaipu",4,0.66,"MRRJ","W-E",8.427,24.002,0.989,3.32882,1.056,14.6,700162.836817555,7458040.28462842,407.388956,35.0139024390244,16
"Itaipu",5,0.7,"MRRJ","W-E",8.427,24.002,0.989,3.32882,1.056,14.6,700162.836817555,7458040.28462842,407.388956,35.0139024390244,16
"Itaipu",6,0.98,"MRRJ","W-E",8.427,24.002,0.989,3.32882,1.056,14.6,700162.836817555,7458040.28462842,407.388956,35.0139024390244,16
"Itaipu",7,0.68,"MRRJ","W-E",8.427,24.002,0.989,3.32882,1.056,14.6,700162.836817555,7458040.28462842,407.388956,35.0139024390244,16
"Itaipu",8,0.8,"MRRJ","W-E",8.427,24.002,0.989,3.32882,1.056,14.6,700162.836817555,7458040.28462842,407.388956,35.0139024390244,16
"Itaipu",9,0.98,"MRRJ","W-E",8.427,24.002,0.989,3.32882,1.056,14.6,700162.836817555,7458040.28462842,407.388956,35.0139024390244,16
"Itaipu",10,0.95,"MRRJ","W-E",8.427,24.002,0.989,3.32882,1.056,14.6,700162.836817555,7458040.28462842,407.388956,35.0139024390244,16
"Joatinga",1,0.55,"MRRJ","W-E",4.172,24.369,0.552,4.043718,1.129,33.6,675304.053265852,7453824.08077912,382.571398,18.1507142857143,7
"Joatinga",2,0.79,"MRRJ","W-E",4.172,24.369,0.552,4.043718,1.129,33.6,675304.053265852,7453824.08077912,382.571398,18.1507142857143,7
"Joatinga",3,0.57,"MRRJ","W-E",4.172,24.369,0.552,4.043718,1.129,33.6,675304.053265852,7453824.08077912,382.571398,18.1507142857143,7
"Joatinga",4,0.7,"MRRJ","W-E",4.172,24.369,0.552,4.043718,1.129,33.6,675304.053265852,7453824.08077912,382.571398,18.1507142857143,7
"Joatinga",5,0.62,"MRRJ","W-E",4.172,24.369,0.552,4.043718,1.129,33.6,675304.053265852,7453824.08077912,382.571398,18.1507142857143,7
"Joatinga",6,0.65,"MRRJ","W-E",4.172,24.369,0.552,4.043718,1.129,33.6,675304.053265852,7453824.08077912,382.571398,18.1507142857143,7
"Joatinga",7,0.82,"MRRJ","W-E",4.172,24.369,0.552,4.043718,1.129,33.6,675304.053265852,7453824.08077912,382.571398,18.1507142857143,7
"Joatinga",8,0.86,"MRRJ","W-E",4.172,24.369,0.552,4.043718,1.129,33.6,675304.053265852,7453824.08077912,382.571398,18.1507142857143,7
"Joatinga",9,0.87,"MRRJ","W-E",4.172,24.369,0.552,4.043718,1.129,33.6,675304.053265852,7453824.08077912,382.571398,18.1507142857143,7
"Joatinga",10,0.61,"MRRJ","W-E",4.172,24.369,0.552,4.043718,1.129,33.6,675304.053265852,7453824.08077912,382.571398,18.1507142857143,7
"Justa",1,0.53,"Ubatuba","SW-NE",6.764,24.722,0.619,3.331238,1.176,36.5,509111.293550965,7419082.26632066,215.915668,20.2416666666667,50
"Justa",2,0.33,"Ubatuba","SW-NE",6.764,24.722,0.619,3.331238,1.176,36.5,509111.293550965,7419082.26632066,215.915668,20.2416666666667,50
"Justa",3,0.55,"Ubatuba","SW-NE",6.764,24.722,0.619,3.331238,1.176,36.5,509111.293550965,7419082.26632066,215.915668,20.2416666666667,50
"Justa",4,0.77,"Ubatuba","SW-NE",6.764,24.722,0.619,3.331238,1.176,36.5,509111.293550965,7419082.26632066,215.915668,20.2416666666667,50
"Justa",5,0.96,"Ubatuba","SW-NE",6.764,24.722,0.619,3.331238,1.176,36.5,509111.293550965,7419082.26632066,215.915668,20.2416666666667,50
"Justa",6,0.95,"Ubatuba","SW-NE",6.764,24.722,0.619,3.331238,1.176,36.5,509111.293550965,7419082.26632066,215.915668,20.2416666666667,50
"Justa",7,0.77,"Ubatuba","SW-NE",6.764,24.722,0.619,3.331238,1.176,36.5,509111.293550965,7419082.26632066,215.915668,20.2416666666667,50
"Justa",8,0.98,"Ubatuba","SW-NE",6.764,24.722,0.619,3.331238,1.176,36.5,509111.293550965,7419082.26632066,215.915668,20.2416666666667,50
"Justa",9,1,"Ubatuba","SW-NE",6.764,24.722,0.619,3.331238,1.176,36.5,509111.293550965,7419082.26632066,215.915668,20.2416666666667,50
"Justa",10,0.66,"Ubatuba","SW-NE",6.764,24.722,0.619,3.331238,1.176,36.5,509111.293550965,7419082.26632066,215.915668,20.2416666666667,50
"Lamberto",1,0,"Ubatuba","SW-NE",3.609,25.924,0.669,2.427247,1.369,57.95,488539.969998129,7401509.40871203,189.751423,24.8358333333333,2
"Lamberto",2,0,"Ubatuba","SW-NE",3.609,25.924,0.669,2.427247,1.369,57.95,488539.969998129,7401509.40871203,189.751423,24.8358333333333,2
"Lamberto",3,0,"Ubatuba","SW-NE",3.609,25.924,0.669,2.427247,1.369,57.95,488539.969998129,7401509.40871203,189.751423,24.8358333333333,2
"Lamberto",4,0,"Ubatuba","SW-NE",3.609,25.924,0.669,2.427247,1.369,57.95,488539.969998129,7401509.40871203,189.751423,24.8358333333333,2
"Lamberto",5,0,"Ubatuba","SW-NE",3.609,25.924,0.669,2.427247,1.369,57.95,488539.969998129,7401509.40871203,189.751423,24.8358333333333,2
"Lamberto",6,0,"Ubatuba","SW-NE",3.609,25.924,0.669,2.427247,1.369,57.95,488539.969998129,7401509.40871203,189.751423,24.8358333333333,2
"Lamberto",7,0.27,"Ubatuba","SW-NE",3.609,25.924,0.669,2.427247,1.369,57.95,488539.969998129,7401509.40871203,189.751423,24.8358333333333,2
"Lamberto",8,0,"Ubatuba","SW-NE",3.609,25.924,0.669,2.427247,1.369,57.95,488539.969998129,7401509.40871203,189.751423,24.8358333333333,2
"Lamberto",9,0,"Ubatuba","SW-NE",3.609,25.924,0.669,2.427247,1.369,57.95,488539.969998129,7401509.40871203,189.751423,24.8358333333333,2
"Lamberto",10,0,"Ubatuba","SW-NE",3.609,25.924,0.669,2.427247,1.369,57.95,488539.969998129,7401509.40871203,189.751423,24.8358333333333,2
"Leblon",1,0.88,"MRRJ","W-E",5.541,24.408,0.606,4.061288,1.085,22.2,681725.422972126,7456505.48081694,389.523392,18.63125,35
"Leblon",2,0.94,"MRRJ","W-E",5.541,24.408,0.606,4.061288,1.085,22.2,681725.422972126,7456505.48081694,389.523392,18.63125,35
"Leblon",3,0.41,"MRRJ","W-E",5.541,24.408,0.606,4.061288,1.085,22.2,681725.422972126,7456505.48081694,389.523392,18.63125,35
"Leblon",4,0.3,"MRRJ","W-E",5.541,24.408,0.606,4.061288,1.085,22.2,681725.422972126,7456505.48081694,389.523392,18.63125,35
"Leblon",5,0.48,"MRRJ","W-E",5.541,24.408,0.606,4.061288,1.085,22.2,681725.422972126,7456505.48081694,389.523392,18.63125,35
"Leblon",6,0.64,"MRRJ","W-E",5.541,24.408,0.606,4.061288,1.085,22.2,681725.422972126,7456505.48081694,389.523392,18.63125,35
"Leblon",7,0.71,"MRRJ","W-E",5.541,24.408,0.606,4.061288,1.085,22.2,681725.422972126,7456505.48081694,389.523392,18.63125,35
"Leblon",8,0.14,"MRRJ","W-E",5.541,24.408,0.606,4.061288,1.085,22.2,681725.422972126,7456505.48081694,389.523392,18.63125,35
"Leblon",9,0.22,"MRRJ","W-E",5.541,24.408,0.606,4.061288,1.085,22.2,681725.422972126,7456505.48081694,389.523392,18.63125,35
"Leblon",10,0.38,"MRRJ","W-E",5.541,24.408,0.606,4.061288,1.085,22.2,681725.422972126,7456505.48081694,389.523392,18.63125,35
"Maranduba",1,0,"Ubatuba","SW-NE",3.456,25.27,0.8,2.850672,1.271,25.65,477032.249570896,7395424.68411581,176.75079,33.8428571428571,30
"Maranduba",2,0,"Ubatuba","SW-NE",3.456,25.27,0.8,2.850672,1.271,25.65,477032.249570896,7395424.68411581,176.75079,33.8428571428571,30
"Maranduba",3,0,"Ubatuba","SW-NE",3.456,25.27,0.8,2.850672,1.271,25.65,477032.249570896,7395424.68411581,176.75079,33.8428571428571,30
"Maranduba",4,0,"Ubatuba","SW-NE",3.456,25.27,0.8,2.850672,1.271,25.65,477032.249570896,7395424.68411581,176.75079,33.8428571428571,30
"Maranduba",5,0,"Ubatuba","SW-NE",3.456,25.27,0.8,2.850672,1.271,25.65,477032.249570896,7395424.68411581,176.75079,33.8428571428571,30
"Maranduba",6,0,"Ubatuba","SW-NE",3.456,25.27,0.8,2.850672,1.271,25.65,477032.249570896,7395424.68411581,176.75079,33.8428571428571,30
"Maranduba",7,0,"Ubatuba","SW-NE",3.456,25.27,0.8,2.850672,1.271,25.65,477032.249570896,7395424.68411581,176.75079,33.8428571428571,30
"Maranduba",8,0,"Ubatuba","SW-NE",3.456,25.27,0.8,2.850672,1.271,25.65,477032.249570896,7395424.68411581,176.75079,33.8428571428571,30
"Maranduba",9,0,"Ubatuba","SW-NE",3.456,25.27,0.8,2.850672,1.271,25.65,477032.249570896,7395424.68411581,176.75079,33.8428571428571,30
"Maranduba",10,0.02,"Ubatuba","SW-NE",3.456,25.27,0.8,2.850672,1.271,25.65,477032.249570896,7395424.68411581,176.75079,33.8428571428571,30
"Maricá",1,0.09,"MRRJ","W-E",6.882,24.17,0.609,4.0368,1.183,18.25,736321.673835296,7459240.54129038,442.008565,25.5026262626263,47
"Maricá",2,0.22,"MRRJ","W-E",6.882,24.17,0.609,4.0368,1.183,18.25,736321.673835296,7459240.54129038,442.008565,25.5026262626263,47
"Maricá",3,0.37,"MRRJ","W-E",6.882,24.17,0.609,4.0368,1.183,18.25,736321.673835296,7459240.54129038,442.008565,25.5026262626263,47
"Maricá",4,0.41,"MRRJ","W-E",6.882,24.17,0.609,4.0368,1.183,18.25,736321.673835296,7459240.54129038,442.008565,25.5026262626263,47
"Maricá",5,0.15,"MRRJ","W-E",6.882,24.17,0.609,4.0368,1.183,18.25,736321.673835296,7459240.54129038,442.008565,25.5026262626263,47
"Maricá",6,0.33,"MRRJ","W-E",6.882,24.17,0.609,4.0368,1.183,18.25,736321.673835296,7459240.54129038,442.008565,25.5026262626263,47
"Maricá",7,0.34,"MRRJ","W-E",6.882,24.17,0.609,4.0368,1.183,18.25,736321.673835296,7459240.54129038,442.008565,25.5026262626263,47
"Maricá",8,0.45,"MRRJ","W-E",6.882,24.17,0.609,4.0368,1.183,18.25,736321.673835296,7459240.54129038,442.008565,25.5026262626263,47
"Maricá",9,0.65,"MRRJ","W-E",6.882,24.17,0.609,4.0368,1.183,18.25,736321.673835296,7459240.54129038,442.008565,25.5026262626263,47
"Maricá",10,0.56,"MRRJ","W-E",6.882,24.17,0.609,4.0368,1.183,18.25,736321.673835296,7459240.54129038,442.008565,25.5026262626263,47
"Matarazzo",1,0.94,"Ubatuba","SW-NE",5.68,25.804,0.748,3.504823,1.262,23.8,493486.734717146,7408702.81349276,197.302227,28.067,2
"Matarazzo",2,0.93,"Ubatuba","SW-NE",5.68,25.804,0.748,3.504823,1.262,23.8,493486.734717146,7408702.81349276,197.302227,28.067,2
"Matarazzo",3,0.97,"Ubatuba","SW-NE",5.68,25.804,0.748,3.504823,1.262,23.8,493486.734717146,7408702.81349276,197.302227,28.067,2
"Matarazzo",4,0.98,"Ubatuba","SW-NE",5.68,25.804,0.748,3.504823,1.262,23.8,493486.734717146,7408702.81349276,197.302227,28.067,2
"Matarazzo",5,1,"Ubatuba","SW-NE",5.68,25.804,0.748,3.504823,1.262,23.8,493486.734717146,7408702.81349276,197.302227,28.067,2
"Matarazzo",6,0.85,"Ubatuba","SW-NE",5.68,25.804,0.748,3.504823,1.262,23.8,493486.734717146,7408702.81349276,197.302227,28.067,2
"Matarazzo",7,0.98,"Ubatuba","SW-NE",5.68,25.804,0.748,3.504823,1.262,23.8,493486.734717146,7408702.81349276,197.302227,28.067,2
"Matarazzo",8,0.97,"Ubatuba","SW-NE",5.68,25.804,0.748,3.504823,1.262,23.8,493486.734717146,7408702.81349276,197.302227,28.067,2
"Matarazzo",9,0.81,"Ubatuba","SW-NE",5.68,25.804,0.748,3.504823,1.262,23.8,493486.734717146,7408702.81349276,197.302227,28.067,2
"Matarazzo",10,0.97,"Ubatuba","SW-NE",5.68,25.804,0.748,3.504823,1.262,23.8,493486.734717146,7408702.81349276,197.302227,28.067,2
"Alta",1,0,"SCRJ","W-E",3.585,25.422,0.547,3.15165,1.222,49.3333333333333,588037.37033269,7452438.20042454,301.503201,NA,NA
"Alta",2,0,"SCRJ","W-E",3.585,25.422,0.547,3.15165,1.222,49.3333333333333,588037.37033269,7452438.20042454,301.503201,NA,NA
"Alta",3,0,"SCRJ","W-E",3.585,25.422,0.547,3.15165,1.222,49.3333333333333,588037.37033269,7452438.20042454,301.503201,NA,NA
"Alta",4,0,"SCRJ","W-E",3.585,25.422,0.547,3.15165,1.222,49.3333333333333,588037.37033269,7452438.20042454,301.503201,NA,NA
"Alta",5,0,"SCRJ","W-E",3.585,25.422,0.547,3.15165,1.222,49.3333333333333,588037.37033269,7452438.20042454,301.503201,NA,NA
"Alta",6,0,"SCRJ","W-E",3.585,25.422,0.547,3.15165,1.222,49.3333333333333,588037.37033269,7452438.20042454,301.503201,NA,NA
"Alta",7,0,"SCRJ","W-E",3.585,25.422,0.547,3.15165,1.222,49.3333333333333,588037.37033269,7452438.20042454,301.503201,NA,NA
"Alta",8,0,"SCRJ","W-E",3.585,25.422,0.547,3.15165,1.222,49.3333333333333,588037.37033269,7452438.20042454,301.503201,NA,NA
"Alta",9,0,"SCRJ","W-E",3.585,25.422,0.547,3.15165,1.222,49.3333333333333,588037.37033269,7452438.20042454,301.503201,NA,NA
"Alta",10,0,"SCRJ","W-E",3.585,25.422,0.547,3.15165,1.222,49.3333333333333,588037.37033269,7452438.20042454,301.503201,NA,NA
"Branca",1,0.83,"MRBS","SW-NE",5.304,25.231,0.849,3.997371,1.179,25.1,384191.723618774,7359449.58665379,77.516054,25.0045714285714,14
"Branca",2,0.89,"MRBS","SW-NE",5.304,25.231,0.849,3.997371,1.179,25.1,384191.723618774,7359449.58665379,77.516054,25.0045714285714,14
"Branca",3,0.94,"MRBS","SW-NE",5.304,25.231,0.849,3.997371,1.179,25.1,384191.723618774,7359449.58665379,77.516054,25.0045714285714,14
"Branca",4,0.97,"MRBS","SW-NE",5.304,25.231,0.849,3.997371,1.179,25.1,384191.723618774,7359449.58665379,77.516054,25.0045714285714,14
"Branca",5,0.58,"MRBS","SW-NE",5.304,25.231,0.849,3.997371,1.179,25.1,384191.723618774,7359449.58665379,77.516054,25.0045714285714,14
"Branca",6,0.79,"MRBS","SW-NE",5.304,25.231,0.849,3.997371,1.179,25.1,384191.723618774,7359449.58665379,77.516054,25.0045714285714,14
"Branca",7,0.82,"MRBS","SW-NE",5.304,25.231,0.849,3.997371,1.179,25.1,384191.723618774,7359449.58665379,77.516054,25.0045714285714,14
"Branca",8,0.71,"MRBS","SW-NE",5.304,25.231,0.849,3.997371,1.179,25.1,384191.723618774,7359449.58665379,77.516054,25.0045714285714,14
"Branca",9,0.95,"MRBS","SW-NE",5.304,25.231,0.849,3.997371,1.179,25.1,384191.723618774,7359449.58665379,77.516054,25.0045714285714,14
"Branca",10,0.96,"MRBS","SW-NE",5.304,25.231,0.849,3.997371,1.179,25.1,384191.723618774,7359449.58665379,77.516054,25.0045714285714,14
"Forno (Arraial do Cabo)",1,0.92,"LRRJ","W-E",2.211,23.091,0.555,3.037608,1.277,16.9,806079.884331694,7456829.61603413,508.112418,27.044358974359,30
"Forno (Arraial do Cabo)",2,0.8,"LRRJ","W-E",2.211,23.091,0.555,3.037608,1.277,16.9,806079.884331694,7456829.61603413,508.112418,27.044358974359,30
"Forno (Arraial do Cabo)",3,0.57,"LRRJ","W-E",2.211,23.091,0.555,3.037608,1.277,16.9,806079.884331694,7456829.61603413,508.112418,27.044358974359,30
"Forno (Arraial do Cabo)",4,0.47,"LRRJ","W-E",2.211,23.091,0.555,3.037608,1.277,16.9,806079.884331694,7456829.61603413,508.112418,27.044358974359,30
"Forno (Arraial do Cabo)",5,0.92,"LRRJ","W-E",2.211,23.091,0.555,3.037608,1.277,16.9,806079.884331694,7456829.61603413,508.112418,27.044358974359,30
"Forno (Arraial do Cabo)",6,0.65,"LRRJ","W-E",2.211,23.091,0.555,3.037608,1.277,16.9,806079.884331694,7456829.61603413,508.112418,27.044358974359,30
"Forno (Arraial do Cabo)",7,0.59,"LRRJ","W-E",2.211,23.091,0.555,3.037608,1.277,16.9,806079.884331694,7456829.61603413,508.112418,27.044358974359,30
"Forno (Arraial do Cabo)",8,0.97,"LRRJ","W-E",2.211,23.091,0.555,3.037608,1.277,16.9,806079.884331694,7456829.61603413,508.112418,27.044358974359,30
"Forno (Arraial do Cabo)",9,NA,"LRRJ","W-E",2.211,23.091,0.555,3.037608,1.277,16.9,806079.884331694,7456829.61603413,508.112418,27.044358974359,30
"Forno (Arraial do Cabo)",10,NA,"LRRJ","W-E",2.211,23.091,0.555,3.037608,1.277,16.9,806079.884331694,7456829.61603413,508.112418,27.044358974359,30
"Grande (Ubatuba)",1,0.86,"Ubatuba","SW-NE",2.172,24.905,0.676,3.61215,1.076,18.55,493899.01989123,7404772.92373239,195.98724,21.8047368421053,44
"Grande (Ubatuba)",2,0.55,"Ubatuba","SW-NE",2.172,24.905,0.676,3.61215,1.076,18.55,493899.01989123,7404772.92373239,195.98724,21.8047368421053,44
"Grande (Ubatuba)",3,0.47,"Ubatuba","SW-NE",2.172,24.905,0.676,3.61215,1.076,18.55,493899.01989123,7404772.92373239,195.98724,21.8047368421053,44
"Grande (Ubatuba)",4,0.65,"Ubatuba","SW-NE",2.172,24.905,0.676,3.61215,1.076,18.55,493899.01989123,7404772.92373239,195.98724,21.8047368421053,44
"Grande (Ubatuba)",5,0.87,"Ubatuba","SW-NE",2.172,24.905,0.676,3.61215,1.076,18.55,493899.01989123,7404772.92373239,195.98724,21.8047368421053,44
"Grande (Ubatuba)",6,0.59,"Ubatuba","SW-NE",2.172,24.905,0.676,3.61215,1.076,18.55,493899.01989123,7404772.92373239,195.98724,21.8047368421053,44
"Grande (Ubatuba)",7,0.17,"Ubatuba","SW-NE",2.172,24.905,0.676,3.61215,1.076,18.55,493899.01989123,7404772.92373239,195.98724,21.8047368421053,44
"Grande (Ubatuba)",8,0.54,"Ubatuba","SW-NE",2.172,24.905,0.676,3.61215,1.076,18.55,493899.01989123,7404772.92373239,195.98724,21.8047368421053,44
"Grande (Ubatuba)",9,0.33,"Ubatuba","SW-NE",2.172,24.905,0.676,3.61215,1.076,18.55,493899.01989123,7404772.92373239,195.98724,21.8047368421053,44
"Grande (Ubatuba)",10,0.66,"Ubatuba","SW-NE",2.172,24.905,0.676,3.61215,1.076,18.55,493899.01989123,7404772.92373239,195.98724,21.8047368421053,44
"Meio",1,0.55,"Ubatuba","SW-NE",1.669,25.452,0.522,3.5907,1.103,8.91666666666667,528183.194385148,7417252.00884056,232.354345,26.822,NA
"Meio",2,0.59,"Ubatuba","SW-NE",1.669,25.452,0.522,3.5907,1.103,8.91666666666667,528183.194385148,7417252.00884056,232.354345,26.822,NA
"Meio",3,0.69,"Ubatuba","SW-NE",1.669,25.452,0.522,3.5907,1.103,8.91666666666667,528183.194385148,7417252.00884056,232.354345,26.822,NA
"Meio",4,0.59,"Ubatuba","SW-NE",1.669,25.452,0.522,3.5907,1.103,8.91666666666667,528183.194385148,7417252.00884056,232.354345,26.822,NA
"Meio",5,0.68,"Ubatuba","SW-NE",1.669,25.452,0.522,3.5907,1.103,8.91666666666667,528183.194385148,7417252.00884056,232.354345,26.822,NA
"Meio",6,0.42,"Ubatuba","SW-NE",1.669,25.452,0.522,3.5907,1.103,8.91666666666667,528183.194385148,7417252.00884056,232.354345,26.822,NA
"Meio",7,0.46,"Ubatuba","SW-NE",1.669,25.452,0.522,3.5907,1.103,8.91666666666667,528183.194385148,7417252.00884056,232.354345,26.822,NA
"Meio",8,0.78,"Ubatuba","SW-NE",1.669,25.452,0.522,3.5907,1.103,8.91666666666667,528183.194385148,7417252.00884056,232.354345,26.822,NA
"Meio",9,0.82,"Ubatuba","SW-NE",1.669,25.452,0.522,3.5907,1.103,8.91666666666667,528183.194385148,7417252.00884056,232.354345,26.822,NA
"Meio",10,0.73,"Ubatuba","SW-NE",1.669,25.452,0.522,3.5907,1.103,8.91666666666667,528183.194385148,7417252.00884056,232.354345,26.822,NA
"Morto",1,0,"SCRJ","W-E",9.98,26.013,0.842,2.63851,1.258,20.3333333333333,537209.990509559,7450979.86640698,255.840741,NA,NA
"Morto",2,0,"SCRJ","W-E",9.98,26.013,0.842,2.63851,1.258,20.3333333333333,537209.990509559,7450979.86640698,255.840741,NA,NA
"Morto",3,0,"SCRJ","W-E",9.98,26.013,0.842,2.63851,1.258,20.3333333333333,537209.990509559,7450979.86640698,255.840741,NA,NA
"Morto",4,0,"SCRJ","W-E",9.98,26.013,0.842,2.63851,1.258,20.3333333333333,537209.990509559,7450979.86640698,255.840741,NA,NA
"Morto",5,0,"SCRJ","W-E",9.98,26.013,0.842,2.63851,1.258,20.3333333333333,537209.990509559,7450979.86640698,255.840741,NA,NA
"Morto",6,0,"SCRJ","W-E",9.98,26.013,0.842,2.63851,1.258,20.3333333333333,537209.990509559,7450979.86640698,255.840741,NA,NA
"Morto",7,0,"SCRJ","W-E",9.98,26.013,0.842,2.63851,1.258,20.3333333333333,537209.990509559,7450979.86640698,255.840741,NA,NA
"Morto",8,0,"SCRJ","W-E",9.98,26.013,0.842,2.63851,1.258,20.3333333333333,537209.990509559,7450979.86640698,255.840741,NA,NA
"Morto",9,0,"SCRJ","W-E",9.98,26.013,0.842,2.63851,1.258,20.3333333333333,537209.990509559,7450979.86640698,255.840741,NA,NA
"Morto",10,0,"SCRJ","W-E",9.98,26.013,0.842,2.63851,1.258,20.3333333333333,537209.990509559,7450979.86640698,255.840741,NA,NA
"Preta",1,0.94,"MRBS","SW-NE",7.72,25.084,0.856,3.949347,1.161,20.4,383984.694110955,7359235.31220712,77.231697,29.0592592592593,29
"Preta",2,0.94,"MRBS","SW-NE",7.72,25.084,0.856,3.949347,1.161,20.4,383984.694110955,7359235.31220712,77.231697,29.0592592592593,29
"Preta",3,0.89,"MRBS","SW-NE",7.72,25.084,0.856,3.949347,1.161,20.4,383984.694110955,7359235.31220712,77.231697,29.0592592592593,29
"Preta",4,0.82,"MRBS","SW-NE",7.72,25.084,0.856,3.949347,1.161,20.4,383984.694110955,7359235.31220712,77.231697,29.0592592592593,29
"Preta",5,0.86,"MRBS","SW-NE",7.72,25.084,0.856,3.949347,1.161,20.4,383984.694110955,7359235.31220712,77.231697,29.0592592592593,29
"Preta",6,0.97,"MRBS","SW-NE",7.72,25.084,0.856,3.949347,1.161,20.4,383984.694110955,7359235.31220712,77.231697,29.0592592592593,29
"Preta",7,0.86,"MRBS","SW-NE",7.72,25.084,0.856,3.949347,1.161,20.4,383984.694110955,7359235.31220712,77.231697,29.0592592592593,29
"Preta",8,0.92,"MRBS","SW-NE",7.72,25.084,0.856,3.949347,1.161,20.4,383984.694110955,7359235.31220712,77.231697,29.0592592592593,29
"Preta",9,0.72,"MRBS","SW-NE",7.72,25.084,0.856,3.949347,1.161,20.4,383984.694110955,7359235.31220712,77.231697,29.0592592592593,29
"Preta",10,0.97,"MRBS","SW-NE",7.72,25.084,0.856,3.949347,1.161,20.4,383984.694110955,7359235.31220712,77.231697,29.0592592592593,29
"Sonho",1,0.9,"MRBS","SW-NE",9.866,25.275,0.994,4.073635,1.173,19.1,317059.875562896,7322861.2213644,1.051875,20.4919512195122,8
"Sonho",2,0.92,"MRBS","SW-NE",9.866,25.275,0.994,4.073635,1.173,19.1,317059.875562896,7322861.2213644,1.051875,20.4919512195122,8
"Sonho",3,0.89,"MRBS","SW-NE",9.866,25.275,0.994,4.073635,1.173,19.1,317059.875562896,7322861.2213644,1.051875,20.4919512195122,8
"Sonho",4,0.97,"MRBS","SW-NE",9.866,25.275,0.994,4.073635,1.173,19.1,317059.875562896,7322861.2213644,1.051875,20.4919512195122,8
"Sonho",5,0.91,"MRBS","SW-NE",9.866,25.275,0.994,4.073635,1.173,19.1,317059.875562896,7322861.2213644,1.051875,20.4919512195122,8
"Sonho",6,0.89,"MRBS","SW-NE",9.866,25.275,0.994,4.073635,1.173,19.1,317059.875562896,7322861.2213644,1.051875,20.4919512195122,8
"Sonho",7,0.91,"MRBS","SW-NE",9.866,25.275,0.994,4.073635,1.173,19.1,317059.875562896,7322861.2213644,1.051875,20.4919512195122,8
"Sonho",8,0.88,"MRBS","SW-NE",9.866,25.275,0.994,4.073635,1.173,19.1,317059.875562896,7322861.2213644,1.051875,20.4919512195122,8
"Sonho",9,0.87,"MRBS","SW-NE",9.866,25.275,0.994,4.073635,1.173,19.1,317059.875562896,7322861.2213644,1.051875,20.4919512195122,8
"Sonho",10,0.89,"MRBS","SW-NE",9.866,25.275,0.994,4.073635,1.173,19.1,317059.875562896,7322861.2213644,1.051875,20.4919512195122,8
"Vermelha",1,0,"MRRJ","W-E",8.44,23.979,0.958,3.118625,1.363,29.65,688313.141341145,7460397.23132872,397.050972,20.517,94
"Vermelha",2,0.03,"MRRJ","W-E",8.44,23.979,0.958,3.118625,1.363,29.65,688313.141341145,7460397.23132872,397.050972,20.517,94
"Vermelha",3,0.88,"MRRJ","W-E",8.44,23.979,0.958,3.118625,1.363,29.65,688313.141341145,7460397.23132872,397.050972,20.517,94
"Vermelha",4,0,"MRRJ","W-E",8.44,23.979,0.958,3.118625,1.363,29.65,688313.141341145,7460397.23132872,397.050972,20.517,94
"Vermelha",5,0.32,"MRRJ","W-E",8.44,23.979,0.958,3.118625,1.363,29.65,688313.141341145,7460397.23132872,397.050972,20.517,94
"Vermelha",6,0.5,"MRRJ","W-E",8.44,23.979,0.958,3.118625,1.363,29.65,688313.141341145,7460397.23132872,397.050972,20.517,94
"Vermelha",7,0.68,"MRRJ","W-E",8.44,23.979,0.958,3.118625,1.363,29.65,688313.141341145,7460397.23132872,397.050972,20.517,94
"Vermelha",8,0.52,"MRRJ","W-E",8.44,23.979,0.958,3.118625,1.363,29.65,688313.141341145,7460397.23132872,397.050972,20.517,94
"Vermelha",9,0.45,"MRRJ","W-E",8.44,23.979,0.958,3.118625,1.363,29.65,688313.141341145,7460397.23132872,397.050972,20.517,94
"Vermelha",10,0,"MRRJ","W-E",8.44,23.979,0.958,3.118625,1.363,29.65,688313.141341145,7460397.23132872,397.050972,20.517,94
"Pernambuco",1,0.96,"MRBS","SW-NE",5.843,24.923,0.839,3.902347,1.28,25.2,379518.70552796,7348143.83638364,68.432329,30.9730769230769,49
"Pernambuco",2,0.53,"MRBS","SW-NE",5.843,24.923,0.839,3.902347,1.28,25.2,379518.70552796,7348143.83638364,68.432329,30.9730769230769,49
"Pernambuco",3,0.49,"MRBS","SW-NE",5.843,24.923,0.839,3.902347,1.28,25.2,379518.70552796,7348143.83638364,68.432329,30.9730769230769,49
"Pernambuco",4,0.65,"MRBS","SW-NE",5.843,24.923,0.839,3.902347,1.28,25.2,379518.70552796,7348143.83638364,68.432329,30.9730769230769,49
"Pernambuco",5,0.49,"MRBS","SW-NE",5.843,24.923,0.839,3.902347,1.28,25.2,379518.70552796,7348143.83638364,68.432329,30.9730769230769,49
"Pernambuco",6,0.6,"MRBS","SW-NE",5.843,24.923,0.839,3.902347,1.28,25.2,379518.70552796,7348143.83638364,68.432329,30.9730769230769,49
"Pernambuco",7,0.39,"MRBS","SW-NE",5.843,24.923,0.839,3.902347,1.28,25.2,379518.70552796,7348143.83638364,68.432329,30.9730769230769,49
"Pernambuco",8,0.72,"MRBS","SW-NE",5.843,24.923,0.839,3.902347,1.28,25.2,379518.70552796,7348143.83638364,68.432329,30.9730769230769,49
"Pernambuco",9,0.56,"MRBS","SW-NE",5.843,24.923,0.839,3.902347,1.28,25.2,379518.70552796,7348143.83638364,68.432329,30.9730769230769,49
"Pernambuco",10,0.95,"MRBS","SW-NE",5.843,24.923,0.839,3.902347,1.28,25.2,379518.70552796,7348143.83638364,68.432329,30.9730769230769,49
"Pescadores",1,1,"MRBS","SW-NE",8.049,25.222,1,4.11954,1.213,15.2,317882.296414225,7323065.64732215,1.88191,21.1333333333333,19
"Pescadores",2,0.94,"MRBS","SW-NE",8.049,25.222,1,4.11954,1.213,15.2,317882.296414225,7323065.64732215,1.88191,21.1333333333333,19
"Pescadores",3,0.9,"MRBS","SW-NE",8.049,25.222,1,4.11954,1.213,15.2,317882.296414225,7323065.64732215,1.88191,21.1333333333333,19
"Pescadores",4,0.87,"MRBS","SW-NE",8.049,25.222,1,4.11954,1.213,15.2,317882.296414225,7323065.64732215,1.88191,21.1333333333333,19
"Pescadores",5,0.96,"MRBS","SW-NE",8.049,25.222,1,4.11954,1.213,15.2,317882.296414225,7323065.64732215,1.88191,21.1333333333333,19
"Pescadores",6,0.85,"MRBS","SW-NE",8.049,25.222,1,4.11954,1.213,15.2,317882.296414225,7323065.64732215,1.88191,21.1333333333333,19
"Pescadores",7,0.97,"MRBS","SW-NE",8.049,25.222,1,4.11954,1.213,15.2,317882.296414225,7323065.64732215,1.88191,21.1333333333333,19
"Pescadores",8,0.8,"MRBS","SW-NE",8.049,25.222,1,4.11954,1.213,15.2,317882.296414225,7323065.64732215,1.88191,21.1333333333333,19
"Pescadores",9,0.84,"MRBS","SW-NE",8.049,25.222,1,4.11954,1.213,15.2,317882.296414225,7323065.64732215,1.88191,21.1333333333333,19
"Pescadores",10,0.87,"MRBS","SW-NE",8.049,25.222,1,4.11954,1.213,15.2,317882.296414225,7323065.64732215,1.88191,21.1333333333333,19
"Picinguaba",1,0.91,"Ubatuba","SW-NE",2.603,24.98,0.515,3.074111,1.328,20,516429.142197939,7415010.85234412,220.743634,32.08,5
"Picinguaba",2,0.66,"Ubatuba","SW-NE",2.603,24.98,0.515,3.074111,1.328,20,516429.142197939,7415010.85234412,220.743634,32.08,5
"Picinguaba",3,0.71,"Ubatuba","SW-NE",2.603,24.98,0.515,3.074111,1.328,20,516429.142197939,7415010.85234412,220.743634,32.08,5
"Picinguaba",4,0.64,"Ubatuba","SW-NE",2.603,24.98,0.515,3.074111,1.328,20,516429.142197939,7415010.85234412,220.743634,32.08,5
"Picinguaba",5,0.72,"Ubatuba","SW-NE",2.603,24.98,0.515,3.074111,1.328,20,516429.142197939,7415010.85234412,220.743634,32.08,5
"Picinguaba",6,0.59,"Ubatuba","SW-NE",2.603,24.98,0.515,3.074111,1.328,20,516429.142197939,7415010.85234412,220.743634,32.08,5
"Picinguaba",7,0.73,"Ubatuba","SW-NE",2.603,24.98,0.515,3.074111,1.328,20,516429.142197939,7415010.85234412,220.743634,32.08,5
"Picinguaba",8,0.22,"Ubatuba","SW-NE",2.603,24.98,0.515,3.074111,1.328,20,516429.142197939,7415010.85234412,220.743634,32.08,5
"Picinguaba",9,0.53,"Ubatuba","SW-NE",2.603,24.98,0.515,3.074111,1.328,20,516429.142197939,7415010.85234412,220.743634,32.08,5
"Picinguaba",10,0.8,"Ubatuba","SW-NE",2.603,24.98,0.515,3.074111,1.328,20,516429.142197939,7415010.85234412,220.743634,32.08,5
"Piratininga",1,0,"MRRJ","W-E",12.596,23.964,0.988,4.040167,1.047,15.25,697650.916073022,7459897.64217778,405.648143,27.2395588235294,1
"Piratininga",2,0,"MRRJ","W-E",12.596,23.964,0.988,4.040167,1.047,15.25,697650.916073022,7459897.64217778,405.648143,27.2395588235294,1
"Piratininga",3,0,"MRRJ","W-E",12.596,23.964,0.988,4.040167,1.047,15.25,697650.916073022,7459897.64217778,405.648143,27.2395588235294,1
"Piratininga",4,0.25,"MRRJ","W-E",12.596,23.964,0.988,4.040167,1.047,15.25,697650.916073022,7459897.64217778,405.648143,27.2395588235294,1
"Piratininga",5,0.58,"MRRJ","W-E",12.596,23.964,0.988,4.040167,1.047,15.25,697650.916073022,7459897.64217778,405.648143,27.2395588235294,1
"Piratininga",6,0.62,"MRRJ","W-E",12.596,23.964,0.988,4.040167,1.047,15.25,697650.916073022,7459897.64217778,405.648143,27.2395588235294,1
"Piratininga",7,0.58,"MRRJ","W-E",12.596,23.964,0.988,4.040167,1.047,15.25,697650.916073022,7459897.64217778,405.648143,27.2395588235294,1
"Piratininga",8,0.78,"MRRJ","W-E",12.596,23.964,0.988,4.040167,1.047,15.25,697650.916073022,7459897.64217778,405.648143,27.2395588235294,1
"Piratininga",9,0.01,"MRRJ","W-E",12.596,23.964,0.988,4.040167,1.047,15.25,697650.916073022,7459897.64217778,405.648143,27.2395588235294,1
"Piratininga",10,0,"MRRJ","W-E",12.596,23.964,0.988,4.040167,1.047,15.25,697650.916073022,7459897.64217778,405.648143,27.2395588235294,1
"Ponta da Cabeça",1,0.45,"LRRJ","W-E",2.685,23.091,0.568,3.822869,1.202,16.6666666666667,804012.846755643,7455976.98944643,505.89509,23.8235,13
"Ponta da Cabeça",2,0.56,"LRRJ","W-E",2.685,23.091,0.568,3.822869,1.202,16.6666666666667,804012.846755643,7455976.98944643,505.89509,23.8235,13
"Ponta da Cabeça",3,0.27,"LRRJ","W-E",2.685,23.091,0.568,3.822869,1.202,16.6666666666667,804012.846755643,7455976.98944643,505.89509,23.8235,13
"Ponta da Cabeça",4,0.54,"LRRJ","W-E",2.685,23.091,0.568,3.822869,1.202,16.6666666666667,804012.846755643,7455976.98944643,505.89509,23.8235,13
"Ponta da Cabeça",5,0.68,"LRRJ","W-E",2.685,23.091,0.568,3.822869,1.202,16.6666666666667,804012.846755643,7455976.98944643,505.89509,23.8235,13
"Ponta da Cabeça",6,0.48,"LRRJ","W-E",2.685,23.091,0.568,3.822869,1.202,16.6666666666667,804012.846755643,7455976.98944643,505.89509,23.8235,13
"Ponta da Cabeça",7,0.07,"LRRJ","W-E",2.685,23.091,0.568,3.822869,1.202,16.6666666666667,804012.846755643,7455976.98944643,505.89509,23.8235,13
"Ponta da Cabeça",8,0.46,"LRRJ","W-E",2.685,23.091,0.568,3.822869,1.202,16.6666666666667,804012.846755643,7455976.98944643,505.89509,23.8235,13
"Ponta da Cabeça",9,0.59,"LRRJ","W-E",2.685,23.091,0.568,3.822869,1.202,16.6666666666667,804012.846755643,7455976.98944643,505.89509,23.8235,13
"Ponta da Cabeça",10,0.15,"LRRJ","W-E",2.685,23.091,0.568,3.822869,1.202,16.6666666666667,804012.846755643,7455976.98944643,505.89509,23.8235,13
"Pontal da Cruz",1,0.9,"SSCh","SW-NE",5.024,25.011,0.839,2.793518,1.333,23.8,459225.659242564,7370773.56963534,151.088445,34.12375,27
"Pontal da Cruz",2,0.93,"SSCh","SW-NE",5.024,25.011,0.839,2.793518,1.333,23.8,459225.659242564,7370773.56963534,151.088445,34.12375,27
"Pontal da Cruz",3,0.36,"SSCh","SW-NE",5.024,25.011,0.839,2.793518,1.333,23.8,459225.659242564,7370773.56963534,151.088445,34.12375,27
"Pontal da Cruz",4,0.66,"SSCh","SW-NE",5.024,25.011,0.839,2.793518,1.333,23.8,459225.659242564,7370773.56963534,151.088445,34.12375,27
"Pontal da Cruz",5,0.75,"SSCh","SW-NE",5.024,25.011,0.839,2.793518,1.333,23.8,459225.659242564,7370773.56963534,151.088445,34.12375,27
"Pontal da Cruz",6,0.51,"SSCh","SW-NE",5.024,25.011,0.839,2.793518,1.333,23.8,459225.659242564,7370773.56963534,151.088445,34.12375,27
"Pontal da Cruz",7,0.54,"SSCh","SW-NE",5.024,25.011,0.839,2.793518,1.333,23.8,459225.659242564,7370773.56963534,151.088445,34.12375,27
"Pontal da Cruz",8,0.81,"SSCh","SW-NE",5.024,25.011,0.839,2.793518,1.333,23.8,459225.659242564,7370773.56963534,151.088445,34.12375,27
"Pontal da Cruz",9,0.91,"SSCh","SW-NE",5.024,25.011,0.839,2.793518,1.333,23.8,459225.659242564,7370773.56963534,151.088445,34.12375,27
"Pontal da Cruz",10,0.89,"SSCh","SW-NE",5.024,25.011,0.839,2.793518,1.333,23.8,459225.659242564,7370773.56963534,151.088445,34.12375,27
"Prainha (Arraial do Cabo)",1,0.45,"LRRJ","W-E",1.606,23.041,0.569,3.419994,1.156,13.9333333333333,805170.30941184,7458442.11192362,507.666072,35.3004761904762,41
"Prainha (Arraial do Cabo)",2,0.2,"LRRJ","W-E",1.606,23.041,0.569,3.419994,1.156,13.9333333333333,805170.30941184,7458442.11192362,507.666072,35.3004761904762,41
"Prainha (Arraial do Cabo)",3,0.43,"LRRJ","W-E",1.606,23.041,0.569,3.419994,1.156,13.9333333333333,805170.30941184,7458442.11192362,507.666072,35.3004761904762,41
"Prainha (Arraial do Cabo)",4,0.31,"LRRJ","W-E",1.606,23.041,0.569,3.419994,1.156,13.9333333333333,805170.30941184,7458442.11192362,507.666072,35.3004761904762,41
"Prainha (Arraial do Cabo)",5,0.42,"LRRJ","W-E",1.606,23.041,0.569,3.419994,1.156,13.9333333333333,805170.30941184,7458442.11192362,507.666072,35.3004761904762,41
"Prainha (Arraial do Cabo)",6,0.93,"LRRJ","W-E",1.606,23.041,0.569,3.419994,1.156,13.9333333333333,805170.30941184,7458442.11192362,507.666072,35.3004761904762,41
"Prainha (Arraial do Cabo)",7,0.65,"LRRJ","W-E",1.606,23.041,0.569,3.419994,1.156,13.9333333333333,805170.30941184,7458442.11192362,507.666072,35.3004761904762,41
"Prainha (Arraial do Cabo)",8,0.48,"LRRJ","W-E",1.606,23.041,0.569,3.419994,1.156,13.9333333333333,805170.30941184,7458442.11192362,507.666072,35.3004761904762,41
"Prainha (Arraial do Cabo)",9,0.39,"LRRJ","W-E",1.606,23.041,0.569,3.419994,1.156,13.9333333333333,805170.30941184,7458442.11192362,507.666072,35.3004761904762,41
"Prainha (Arraial do Cabo)",10,0.59,"LRRJ","W-E",1.606,23.041,0.569,3.419994,1.156,13.9333333333333,805170.30941184,7458442.11192362,507.666072,35.3004761904762,41
"Prainha (Paraty)",1,0.93,"SCRJ","W-E",4.971,26.135,0.777,3.166635,1.104,26,531273.612706189,7439892.16037829,245.218396,NA,NA
"Prainha (Paraty)",2,0.97,"SCRJ","W-E",4.971,26.135,0.777,3.166635,1.104,26,531273.612706189,7439892.16037829,245.218396,NA,NA
"Prainha (Paraty)",3,0.46,"SCRJ","W-E",4.971,26.135,0.777,3.166635,1.104,26,531273.612706189,7439892.16037829,245.218396,NA,NA
"Prainha (Paraty)",4,0.4,"SCRJ","W-E",4.971,26.135,0.777,3.166635,1.104,26,531273.612706189,7439892.16037829,245.218396,NA,NA
"Prainha (Paraty)",5,0.79,"SCRJ","W-E",4.971,26.135,0.777,3.166635,1.104,26,531273.612706189,7439892.16037829,245.218396,NA,NA
"Prainha (Paraty)",6,0.79,"SCRJ","W-E",4.971,26.135,0.777,3.166635,1.104,26,531273.612706189,7439892.16037829,245.218396,NA,NA
"Prainha (Paraty)",7,0.52,"SCRJ","W-E",4.971,26.135,0.777,3.166635,1.104,26,531273.612706189,7439892.16037829,245.218396,NA,NA
"Prainha (Paraty)",8,0.9,"SCRJ","W-E",4.971,26.135,0.777,3.166635,1.104,26,531273.612706189,7439892.16037829,245.218396,NA,NA
"Prainha (Paraty)",9,0.61,"SCRJ","W-E",4.971,26.135,0.777,3.166635,1.104,26,531273.612706189,7439892.16037829,245.218396,NA,NA
"Prainha (Paraty)",10,0.67,"SCRJ","W-E",4.971,26.135,0.777,3.166635,1.104,26,531273.612706189,7439892.16037829,245.218396,NA,NA
"Ranchos",1,0,"Ubatuba","SW-NE",1.703,25.456,0.527,3.77276,1.53,20.6,528457.182056619,7417351.70961585,232.666052,27.9375,54
"Ranchos",2,0.01,"Ubatuba","SW-NE",1.703,25.456,0.527,3.77276,1.53,20.6,528457.182056619,7417351.70961585,232.666052,27.9375,54
"Ranchos",3,0,"Ubatuba","SW-NE",1.703,25.456,0.527,3.77276,1.53,20.6,528457.182056619,7417351.70961585,232.666052,27.9375,54
"Ranchos",4,0,"Ubatuba","SW-NE",1.703,25.456,0.527,3.77276,1.53,20.6,528457.182056619,7417351.70961585,232.666052,27.9375,54
"Ranchos",5,0,"Ubatuba","SW-NE",1.703,25.456,0.527,3.77276,1.53,20.6,528457.182056619,7417351.70961585,232.666052,27.9375,54
"Ranchos",6,0,"Ubatuba","SW-NE",1.703,25.456,0.527,3.77276,1.53,20.6,528457.182056619,7417351.70961585,232.666052,27.9375,54
"Ranchos",7,0,"Ubatuba","SW-NE",1.703,25.456,0.527,3.77276,1.53,20.6,528457.182056619,7417351.70961585,232.666052,27.9375,54
"Ranchos",8,0,"Ubatuba","SW-NE",1.703,25.456,0.527,3.77276,1.53,20.6,528457.182056619,7417351.70961585,232.666052,27.9375,54
"Ranchos",9,0,"Ubatuba","SW-NE",1.703,25.456,0.527,3.77276,1.53,20.6,528457.182056619,7417351.70961585,232.666052,27.9375,54
"Ranchos",10,0.23,"Ubatuba","SW-NE",1.703,25.456,0.527,3.77276,1.53,20.6,528457.182056619,7417351.70961585,232.666052,27.9375,54
"Riviera de São Lourenço",1,0.86,"MRBS","SW-NE",7.33,25.588,0.882,3.913033,1.248,31.2,394387.363191675,7365242.12100551,89.243291,17.821914893617,6
"Riviera de São Lourenço",2,0.92,"MRBS","SW-NE",7.33,25.588,0.882,3.913033,1.248,31.2,394387.363191675,7365242.12100551,89.243291,17.821914893617,6
"Riviera de São Lourenço",3,0.6,"MRBS","SW-NE",7.33,25.588,0.882,3.913033,1.248,31.2,394387.363191675,7365242.12100551,89.243291,17.821914893617,6
"Riviera de São Lourenço",4,0.55,"MRBS","SW-NE",7.33,25.588,0.882,3.913033,1.248,31.2,394387.363191675,7365242.12100551,89.243291,17.821914893617,6
"Riviera de São Lourenço",5,0.45,"MRBS","SW-NE",7.33,25.588,0.882,3.913033,1.248,31.2,394387.363191675,7365242.12100551,89.243291,17.821914893617,6
"Riviera de São Lourenço",6,0.42,"MRBS","SW-NE",7.33,25.588,0.882,3.913033,1.248,31.2,394387.363191675,7365242.12100551,89.243291,17.821914893617,6
"Riviera de São Lourenço",7,0.45,"MRBS","SW-NE",7.33,25.588,0.882,3.913033,1.248,31.2,394387.363191675,7365242.12100551,89.243291,17.821914893617,6
"Riviera de São Lourenço",8,0.7,"MRBS","SW-NE",7.33,25.588,0.882,3.913033,1.248,31.2,394387.363191675,7365242.12100551,89.243291,17.821914893617,6
"Riviera de São Lourenço",9,0.66,"MRBS","SW-NE",7.33,25.588,0.882,3.913033,1.248,31.2,394387.363191675,7365242.12100551,89.243291,17.821914893617,6
"Riviera de São Lourenço",10,0.59,"MRBS","SW-NE",7.33,25.588,0.882,3.913033,1.248,31.2,394387.363191675,7365242.12100551,89.243291,17.821914893617,6
"São Pedro",1,0.68,"MRBS","SW-NE",5.287,25.183,0.883,3.73748,1.402,33.3,381991.126156692,7355599.19497306,73.776611,24.9305555555556,4
"São Pedro",2,0.27,"MRBS","SW-NE",5.287,25.183,0.883,3.73748,1.402,33.3,381991.126156692,7355599.19497306,73.776611,24.9305555555556,4
"São Pedro",3,0.6,"MRBS","SW-NE",5.287,25.183,0.883,3.73748,1.402,33.3,381991.126156692,7355599.19497306,73.776611,24.9305555555556,4
"São Pedro",4,0.4,"MRBS","SW-NE",5.287,25.183,0.883,3.73748,1.402,33.3,381991.126156692,7355599.19497306,73.776611,24.9305555555556,4
"São Pedro",5,0.9,"MRBS","SW-NE",5.287,25.183,0.883,3.73748,1.402,33.3,381991.126156692,7355599.19497306,73.776611,24.9305555555556,4
"São Pedro",6,0.89,"MRBS","SW-NE",5.287,25.183,0.883,3.73748,1.402,33.3,381991.126156692,7355599.19497306,73.776611,24.9305555555556,4
"São Pedro",7,0.76,"MRBS","SW-NE",5.287,25.183,0.883,3.73748,1.402,33.3,381991.126156692,7355599.19497306,73.776611,24.9305555555556,4
"São Pedro",8,0.8,"MRBS","SW-NE",5.287,25.183,0.883,3.73748,1.402,33.3,381991.126156692,7355599.19497306,73.776611,24.9305555555556,4
"São Pedro",9,0.91,"MRBS","SW-NE",5.287,25.183,0.883,3.73748,1.402,33.3,381991.126156692,7355599.19497306,73.776611,24.9305555555556,4
"São Pedro",10,0.95,"MRBS","SW-NE",5.287,25.183,0.883,3.73748,1.402,33.3,381991.126156692,7355599.19497306,73.776611,24.9305555555556,4
"Saquarema",1,0.06,"MRRJ","W-E",4.884,24.051,0.709,4.140967,1.142,22.7,757042.645702747,7461217.89924597,462.337107,25.9221518987342,46
"Saquarema",2,0.04,"MRRJ","W-E",4.884,24.051,0.709,4.140967,1.142,22.7,757042.645702747,7461217.89924597,462.337107,25.9221518987342,46
"Saquarema",3,0.04,"MRRJ","W-E",4.884,24.051,0.709,4.140967,1.142,22.7,757042.645702747,7461217.89924597,462.337107,25.9221518987342,46
"Saquarema",4,0.15,"MRRJ","W-E",4.884,24.051,0.709,4.140967,1.142,22.7,757042.645702747,7461217.89924597,462.337107,25.9221518987342,46
"Saquarema",5,0.26,"MRRJ","W-E",4.884,24.051,0.709,4.140967,1.142,22.7,757042.645702747,7461217.89924597,462.337107,25.9221518987342,46
"Saquarema",6,0.21,"MRRJ","W-E",4.884,24.051,0.709,4.140967,1.142,22.7,757042.645702747,7461217.89924597,462.337107,25.9221518987342,46
"Saquarema",7,0.09,"MRRJ","W-E",4.884,24.051,0.709,4.140967,1.142,22.7,757042.645702747,7461217.89924597,462.337107,25.9221518987342,46
"Saquarema",8,0.32,"MRRJ","W-E",4.884,24.051,0.709,4.140967,1.142,22.7,757042.645702747,7461217.89924597,462.337107,25.9221518987342,46
"Saquarema",9,0.81,"MRRJ","W-E",4.884,24.051,0.709,4.140967,1.142,22.7,757042.645702747,7461217.89924597,462.337107,25.9221518987342,46
"Saquarema",10,0.23,"MRRJ","W-E",4.884,24.051,0.709,4.140967,1.142,22.7,757042.645702747,7461217.89924597,462.337107,25.9221518987342,46
"Sorocotuba",1,0.88,"MRBS","SW-NE",4.629,25.439,0.851,3.840626,1.431,33.65,379276.726088553,7347274.72753037,67.88415,32.24625,23
"Sorocotuba",2,0.87,"MRBS","SW-NE",4.629,25.439,0.851,3.840626,1.431,33.65,379276.726088553,7347274.72753037,67.88415,32.24625,23
"Sorocotuba",3,0.86,"MRBS","SW-NE",4.629,25.439,0.851,3.840626,1.431,33.65,379276.726088553,7347274.72753037,67.88415,32.24625,23
"Sorocotuba",4,0.79,"MRBS","SW-NE",4.629,25.439,0.851,3.840626,1.431,33.65,379276.726088553,7347274.72753037,67.88415,32.24625,23
"Sorocotuba",5,0.65,"MRBS","SW-NE",4.629,25.439,0.851,3.840626,1.431,33.65,379276.726088553,7347274.72753037,67.88415,32.24625,23
"Sorocotuba",6,0.94,"MRBS","SW-NE",4.629,25.439,0.851,3.840626,1.431,33.65,379276.726088553,7347274.72753037,67.88415,32.24625,23
"Sorocotuba",7,0.71,"MRBS","SW-NE",4.629,25.439,0.851,3.840626,1.431,33.65,379276.726088553,7347274.72753037,67.88415,32.24625,23
"Sorocotuba",8,0.79,"MRBS","SW-NE",4.629,25.439,0.851,3.840626,1.431,33.65,379276.726088553,7347274.72753037,67.88415,32.24625,23
"Sorocotuba",9,0.77,"MRBS","SW-NE",4.629,25.439,0.851,3.840626,1.431,33.65,379276.726088553,7347274.72753037,67.88415,32.24625,23
"Sorocotuba",10,0.71,"MRBS","SW-NE",4.629,25.439,0.851,3.840626,1.431,33.65,379276.726088553,7347274.72753037,67.88415,32.24625,23
"Taguaíba",1,0.96,"MRBS","SW-NE",5.328,25.316,0.867,4.004794,1.211,26.05,383187.410650379,7357095.01707436,75.52334,28.0876923076923,1
"Taguaíba",2,0.94,"MRBS","SW-NE",5.328,25.316,0.867,4.004794,1.211,26.05,383187.410650379,7357095.01707436,75.52334,28.0876923076923,1
"Taguaíba",3,0.93,"MRBS","SW-NE",5.328,25.316,0.867,4.004794,1.211,26.05,383187.410650379,7357095.01707436,75.52334,28.0876923076923,1
"Taguaíba",4,0.94,"MRBS","SW-NE",5.328,25.316,0.867,4.004794,1.211,26.05,383187.410650379,7357095.01707436,75.52334,28.0876923076923,1
"Taguaíba",5,0.92,"MRBS","SW-NE",5.328,25.316,0.867,4.004794,1.211,26.05,383187.410650379,7357095.01707436,75.52334,28.0876923076923,1
"Taguaíba",6,0.98,"MRBS","SW-NE",5.328,25.316,0.867,4.004794,1.211,26.05,383187.410650379,7357095.01707436,75.52334,28.0876923076923,1
"Taguaíba",7,0.83,"MRBS","SW-NE",5.328,25.316,0.867,4.004794,1.211,26.05,383187.410650379,7357095.01707436,75.52334,28.0876923076923,1
"Taguaíba",8,0.95,"MRBS","SW-NE",5.328,25.316,0.867,4.004794,1.211,26.05,383187.410650379,7357095.01707436,75.52334,28.0876923076923,1
"Taguaíba",9,0.9,"MRBS","SW-NE",5.328,25.316,0.867,4.004794,1.211,26.05,383187.410650379,7357095.01707436,75.52334,28.0876923076923,1
"Taguaíba",10,0.56,"MRBS","SW-NE",5.328,25.316,0.867,4.004794,1.211,26.05,383187.410650379,7357095.01707436,75.52334,28.0876923076923,1
"Tarituba",1,0,"SCRJ","W-E",5.755,26.125,0.63,2.124025,1.055,19.6666666666667,541744.057481396,7451267.93264798,259.9141,NA,NA
"Tarituba",2,0,"SCRJ","W-E",5.755,26.125,0.63,2.124025,1.055,19.6666666666667,541744.057481396,7451267.93264798,259.9141,NA,NA
"Tarituba",3,0,"SCRJ","W-E",5.755,26.125,0.63,2.124025,1.055,19.6666666666667,541744.057481396,7451267.93264798,259.9141,NA,NA
"Tarituba",4,0,"SCRJ","W-E",5.755,26.125,0.63,2.124025,1.055,19.6666666666667,541744.057481396,7451267.93264798,259.9141,NA,NA
"Tarituba",5,0,"SCRJ","W-E",5.755,26.125,0.63,2.124025,1.055,19.6666666666667,541744.057481396,7451267.93264798,259.9141,NA,NA
"Tarituba",6,0,"SCRJ","W-E",5.755,26.125,0.63,2.124025,1.055,19.6666666666667,541744.057481396,7451267.93264798,259.9141,NA,NA
"Tarituba",7,0,"SCRJ","W-E",5.755,26.125,0.63,2.124025,1.055,19.6666666666667,541744.057481396,7451267.93264798,259.9141,NA,NA
"Tarituba",8,0,"SCRJ","W-E",5.755,26.125,0.63,2.124025,1.055,19.6666666666667,541744.057481396,7451267.93264798,259.9141,NA,NA
"Tarituba",9,0,"SCRJ","W-E",5.755,26.125,0.63,2.124025,1.055,19.6666666666667,541744.057481396,7451267.93264798,259.9141,NA,NA
"Tarituba",10,0,"SCRJ","W-E",5.755,26.125,0.63,2.124025,1.055,19.6666666666667,541744.057481396,7451267.93264798,259.9141,NA,NA
"Toque Toque Grande",1,0.58,"SSCh","SW-NE",2.928,25.608,0.703,3.69964,1.225,31.4,447880.606889749,7363691.24355528,138.101539,26.107,40
"Toque Toque Grande",2,0.55,"SSCh","SW-NE",2.928,25.608,0.703,3.69964,1.225,31.4,447880.606889749,7363691.24355528,138.101539,26.107,40
"Toque Toque Grande",3,0.61,"SSCh","SW-NE",2.928,25.608,0.703,3.69964,1.225,31.4,447880.606889749,7363691.24355528,138.101539,26.107,40
"Toque Toque Grande",4,0.46,"SSCh","SW-NE",2.928,25.608,0.703,3.69964,1.225,31.4,447880.606889749,7363691.24355528,138.101539,26.107,40
"Toque Toque Grande",5,0.47,"SSCh","SW-NE",2.928,25.608,0.703,3.69964,1.225,31.4,447880.606889749,7363691.24355528,138.101539,26.107,40
"Toque Toque Grande",6,0.68,"SSCh","SW-NE",2.928,25.608,0.703,3.69964,1.225,31.4,447880.606889749,7363691.24355528,138.101539,26.107,40
"Toque Toque Grande",7,0.7,"SSCh","SW-NE",2.928,25.608,0.703,3.69964,1.225,31.4,447880.606889749,7363691.24355528,138.101539,26.107,40
"Toque Toque Grande",8,0.34,"SSCh","SW-NE",2.928,25.608,0.703,3.69964,1.225,31.4,447880.606889749,7363691.24355528,138.101539,26.107,40
"Toque Toque Grande",9,0.5,"SSCh","SW-NE",2.928,25.608,0.703,3.69964,1.225,31.4,447880.606889749,7363691.24355528,138.101539,26.107,40
"Toque Toque Grande",10,0.47,"SSCh","SW-NE",2.928,25.608,0.703,3.69964,1.225,31.4,447880.606889749,7363691.24355528,138.101539,26.107,40
"Toque Toque Pequeno",1,0.64,"SSCh","SW-NE",3.446,25.873,0.637,3.741743,1.244,38.4,445251.679062377,7366205.84556894,136.382774,28.6675,62
"Toque Toque Pequeno",2,0.37,"SSCh","SW-NE",3.446,25.873,0.637,3.741743,1.244,38.4,445251.679062377,7366205.84556894,136.382774,28.6675,62
"Toque Toque Pequeno",3,0.05,"SSCh","SW-NE",3.446,25.873,0.637,3.741743,1.244,38.4,445251.679062377,7366205.84556894,136.382774,28.6675,62
"Toque Toque Pequeno",4,0.21,"SSCh","SW-NE",3.446,25.873,0.637,3.741743,1.244,38.4,445251.679062377,7366205.84556894,136.382774,28.6675,62
"Toque Toque Pequeno",5,0.13,"SSCh","SW-NE",3.446,25.873,0.637,3.741743,1.244,38.4,445251.679062377,7366205.84556894,136.382774,28.6675,62
"Toque Toque Pequeno",6,0.11,"SSCh","SW-NE",3.446,25.873,0.637,3.741743,1.244,38.4,445251.679062377,7366205.84556894,136.382774,28.6675,62
"Toque Toque Pequeno",7,0.15,"SSCh","SW-NE",3.446,25.873,0.637,3.741743,1.244,38.4,445251.679062377,7366205.84556894,136.382774,28.6675,62
"Toque Toque Pequeno",8,0.28,"SSCh","SW-NE",3.446,25.873,0.637,3.741743,1.244,38.4,445251.679062377,7366205.84556894,136.382774,28.6675,62
"Toque Toque Pequeno",9,0.13,"SSCh","SW-NE",3.446,25.873,0.637,3.741743,1.244,38.4,445251.679062377,7366205.84556894,136.382774,28.6675,62
"Toque Toque Pequeno",10,0.24,"SSCh","SW-NE",3.446,25.873,0.637,3.741743,1.244,38.4,445251.679062377,7366205.84556894,136.382774,28.6675,62
